click_id,session_id,hotel_id,provider_name,list_position
1,1,100,Expedia,11
2,3,119,HRS,19
3,4,28,Hotels.com,9
4,5,20,Agoda,17
5,6,174,HRS,14
6,9,209,Agoda,9
7,11,98,HRS,12
8,12,158,HRS,1
9,16,132,Booking.com,12
10,21,137,HRS,8
11,25,61,Expedia,14
12,28,8,Hotels.com,7
13,30,1,Booking.com,3
14,31,141,Hotels.com,11
15,32,76,Agoda,12
16,39,94,Hotels.com,9
17,42,120,Expedia,16
18,46,177,Expedia,8
19,48,166,Booking.com,1
20,50,74,Hotels.com,9
21,51,33,Expedia,7
22,52,66,Hotels.com,18
23,54,163,HRS,7
24,58,192,Booking.com,15
25,59,180,Agoda,6
26,60,145,Hotels.com,8
27,61,166,Agoda,17
28,64,85,Agoda,6
29,71,95,Hotels.com,4
30,75,80,HRS,3
31,78,68,Booking.com,13
32,81,66,Booking.com,17
33,82,131,HRS,13
34,83,115,Hotels.com,11
35,85,157,HRS,7
36,89,184,Hotels.com,4
37,91,194,Agoda,15
38,94,16,HRS,3
39,97,203,Hotels.com,5
40,98,41,Hotels.com,1
41,101,104,Hotels.com,2
42,103,156,HRS,6
43,106,106,HRS,14
44,108,180,Agoda,1
45,110,219,Booking.com,16
46,113,37,Booking.com,3
47,115,124,Hotels.com,1
48,116,139,HRS,19
49,117,90,HRS,17
50,121,207,Expedia,19
51,126,88,Expedia,2
52,129,179,Agoda,11
53,132,66,Booking.com,13
54,133,51,Agoda,18
55,135,144,Agoda,4
56,140,211,Booking.com,6
57,141,168,Hotels.com,4
58,144,177,Booking.com,5
59,145,15,Hotels.com,5
60,150,182,Booking.com,8
61,154,196,Hotels.com,11
62,155,124,Expedia,3
63,156,87,HRS,5
64,157,171,Booking.com,3
65,166,121,HRS,8
66,168,96,Booking.com,3
67,172,37,Expedia,18
68,176,7,Expedia,19
69,177,8,Hotels.com,5
70,180,11,Expedia,15
71,191,164,Booking.com,8
72,193,1,HRS,18
73,197,27,Agoda,12
74,198,59,HRS,19
75,199,116,HRS,16
76,204,79,Agoda,9
77,206,14,Hotels.com,7
78,209,121,Hotels.com,18
79,213,33,Agoda,17
80,219,220,Agoda,16
81,220,124,Expedia,10
82,222,46,Hotels.com,19
83,224,195,Agoda,19
84,228,29,Booking.com,17
85,229,146,Hotels.com,19
86,230,195,Booking.com,15
87,235,87,Agoda,13
88,239,90,Hotels.com,19
89,241,52,HRS,2
90,247,121,HRS,3
91,248,124,Expedia,19
92,253,203,Hotels.com,12
93,256,20,Booking.com,2
94,257,64,Booking.com,1
95,260,162,Hotels.com,11
96,261,117,HRS,18
97,262,122,Booking.com,7
98,264,125,HRS,13
99,266,184,Agoda,8
100,268,217,Hotels.com,7
101,269,184,Expedia,2
102,270,135,Expedia,3
103,273,187,Booking.com,17
104,275,182,HRS,19
105,278,31,Expedia,6
106,282,109,Expedia,17
107,284,64,Hotels.com,9
108,288,183,Booking.com,5
109,290,220,Hotels.com,11
110,296,2,Booking.com,14
111,298,166,Agoda,12
112,301,93,Agoda,5
113,303,62,Hotels.com,12
114,308,197,HRS,4
115,312,37,Booking.com,5
116,314,141,Hotels.com,17
117,323,42,Expedia,14
118,330,72,Booking.com,2
119,332,31,HRS,19
120,333,63,Agoda,16
121,334,141,Hotels.com,10
122,337,185,Booking.com,13
123,340,158,HRS,9
124,343,100,Hotels.com,4
125,345,49,Expedia,15
126,346,194,Agoda,9
127,348,23,Booking.com,17
128,350,44,Agoda,2
129,351,192,Booking.com,11
130,357,104,Booking.com,3
131,361,78,Booking.com,4
132,366,197,HRS,1
133,367,194,HRS,14
134,368,147,Booking.com,11
135,370,207,HRS,6
136,372,175,Hotels.com,1
137,373,220,HRS,14
138,375,55,HRS,2
139,376,44,Expedia,10
140,378,163,Expedia,13
141,379,98,HRS,18
142,384,198,Hotels.com,1
143,387,164,Hotels.com,9
144,388,101,Agoda,6
145,389,137,HRS,10
146,390,136,Expedia,13
147,391,47,Expedia,15
148,396,55,Agoda,11
149,397,162,Agoda,7
150,398,93,Booking.com,6
151,406,208,Expedia,5
152,407,192,Expedia,5
153,408,98,Agoda,8
154,410,93,Booking.com,5
155,411,131,Hotels.com,1
156,413,157,Agoda,13
157,422,24,Agoda,3
158,423,20,Expedia,5
159,426,13,Agoda,13
160,429,16,Hotels.com,1
161,431,159,Hotels.com,6
162,434,35,Agoda,14
163,436,150,Booking.com,12
164,438,22,Agoda,11
165,439,137,HRS,1
166,442,197,Booking.com,8
167,446,82,Agoda,17
168,451,45,Agoda,14
169,454,174,Booking.com,7
170,455,24,HRS,3
171,457,69,Agoda,8
172,463,105,Agoda,18
173,464,135,HRS,18
174,469,20,Hotels.com,5
175,470,124,HRS,11
176,471,207,Agoda,4
177,472,10,HRS,4
178,476,18,Expedia,8
179,479,54,HRS,16
180,487,170,Agoda,8
181,488,147,Expedia,9
182,494,178,HRS,4
183,498,74,Expedia,16
184,503,143,HRS,7
185,506,22,Hotels.com,3
186,508,122,Hotels.com,1
187,512,209,HRS,19
188,517,146,HRS,3
189,523,20,Hotels.com,4
190,525,51,Booking.com,16
191,526,179,Expedia,7
192,529,114,Expedia,17
193,532,94,Booking.com,11
194,535,90,Expedia,15
195,539,11,Booking.com,4
196,541,24,Hotels.com,14
197,543,77,HRS,10
198,552,58,HRS,4
199,556,181,Agoda,16
200,558,167,Expedia,18
201,559,169,Expedia,7
202,561,44,Expedia,1
203,564,49,Hotels.com,5
204,565,110,HRS,12
205,570,81,Agoda,13
206,573,28,Expedia,16
207,576,188,HRS,2
208,577,111,Hotels.com,9
209,581,132,Agoda,1
210,583,94,Expedia,8
211,590,161,Agoda,19
212,593,139,Hotels.com,5
213,594,90,HRS,12
214,595,218,Agoda,12
215,598,155,Hotels.com,14
216,599,175,Booking.com,16
217,606,178,HRS,7
218,612,126,HRS,11
219,619,156,Agoda,1
220,620,99,Expedia,16
221,623,141,Agoda,4
222,624,17,Booking.com,8
223,625,216,Booking.com,16
224,626,65,Hotels.com,15
225,630,192,Expedia,13
226,631,135,Hotels.com,10
227,635,193,Booking.com,8
228,637,44,Agoda,16
229,643,166,HRS,8
230,644,94,Agoda,6
231,654,158,HRS,2
232,658,82,Hotels.com,9
233,659,202,Booking.com,9
234,660,19,Booking.com,12
235,661,25,HRS,4
236,663,74,Agoda,2
237,669,158,Hotels.com,15
238,670,127,Hotels.com,13
239,671,115,Expedia,1
240,672,157,Hotels.com,13
241,674,187,Expedia,14
242,676,177,Agoda,5
243,677,47,HRS,3
244,678,196,Expedia,3
245,682,218,HRS,4
246,683,170,Hotels.com,6
247,684,16,HRS,3
248,692,157,Expedia,2
249,697,9,Hotels.com,9
250,699,110,Hotels.com,7
251,703,171,Expedia,11
252,708,150,Expedia,4
253,714,49,Expedia,11
254,717,10,Hotels.com,2
255,721,68,HRS,18
256,722,120,Expedia,8
257,723,173,Expedia,15
258,724,132,Booking.com,18
259,732,89,Booking.com,12
260,735,154,Booking.com,7
261,736,173,Booking.com,2
262,738,143,Booking.com,12
263,739,69,Expedia,12
264,743,125,Expedia,15
265,750,192,Agoda,13
266,751,148,Hotels.com,14
267,753,163,Expedia,2
268,756,216,Expedia,9
269,757,81,Booking.com,6
270,768,9,Hotels.com,19
271,771,24,Booking.com,1
272,774,21,Booking.com,16
273,777,7,Booking.com,14
274,786,151,Expedia,3
275,788,39,Expedia,16
276,791,185,HRS,10
277,792,106,Agoda,10
278,793,214,Agoda,12
279,794,43,Agoda,13
280,797,86,Expedia,7
281,800,124,Booking.com,9
282,802,199,Expedia,16
283,803,63,Agoda,3
284,805,120,Booking.com,8
285,807,48,HRS,17
286,809,40,Expedia,8
287,811,17,Agoda,1
288,814,48,Agoda,7
289,823,102,Hotels.com,15
290,828,193,HRS,18
291,830,14,HRS,16
292,832,14,Expedia,5
293,843,86,Agoda,19
294,845,82,Booking.com,1
295,846,174,Booking.com,4
296,850,193,Expedia,13
297,852,21,HRS,19
298,855,53,HRS,4
299,857,39,Agoda,10
300,858,178,HRS,13
301,860,22,HRS,15
302,861,102,HRS,4
303,862,32,Booking.com,10
304,863,1,Agoda,9
305,864,5,Booking.com,6
306,865,50,Hotels.com,2
307,868,149,Hotels.com,5
308,872,40,Expedia,6
309,875,2,Agoda,12
310,879,74,Hotels.com,16
311,880,170,HRS,3
312,881,96,HRS,2
313,883,40,Agoda,18
314,884,22,Agoda,11
315,886,205,HRS,3
316,888,74,Expedia,17
317,889,203,Agoda,5
318,890,207,Expedia,7
319,893,202,Booking.com,15
320,894,123,Hotels.com,15
321,895,158,HRS,17
322,896,56,HRS,14
323,897,36,Hotels.com,10
324,899,107,Expedia,14
325,900,127,Agoda,4
326,901,197,HRS,17
327,904,58,Agoda,10
328,906,101,Expedia,14
329,907,189,Hotels.com,6
330,917,176,HRS,7
331,921,190,Expedia,11
332,923,215,Booking.com,13
333,925,38,Expedia,10
334,926,113,Hotels.com,4
335,930,100,Booking.com,9
336,932,66,Hotels.com,19
337,935,27,Expedia,4
338,937,57,HRS,16
339,942,44,Agoda,3
340,946,66,Booking.com,12
341,949,106,Booking.com,13
342,953,53,Hotels.com,4
343,954,82,Expedia,3
344,955,186,HRS,16
345,957,213,Agoda,2
346,960,47,Booking.com,4
347,961,1,Booking.com,12
348,968,131,Agoda,16
349,971,32,Hotels.com,6
350,973,17,Agoda,7
351,974,117,Booking.com,7
352,976,199,Booking.com,5
353,977,27,Booking.com,19
354,978,218,Agoda,16
355,979,151,Booking.com,17
356,980,126,Expedia,19
357,982,5,Hotels.com,15
358,984,190,Expedia,15
359,989,118,Agoda,12
360,990,40,Hotels.com,5
361,991,123,Agoda,7
362,994,189,Agoda,1
363,1000,214,HRS,19
364,1003,202,Hotels.com,1
365,1005,14,Hotels.com,11
366,1010,66,Expedia,4
367,1014,208,Expedia,19
368,1018,34,HRS,5
369,1021,76,Agoda,6
370,1022,115,Booking.com,16
371,1024,203,Expedia,12
372,1025,136,HRS,12
373,1027,46,HRS,10
374,1028,149,Booking.com,9
375,1029,153,Agoda,15
376,1036,111,Expedia,6
377,1037,5,Expedia,11
378,1039,90,Expedia,17
379,1044,52,Expedia,14
380,1047,194,Agoda,11
381,1049,112,Expedia,8
382,1050,10,Expedia,9
383,1051,123,Agoda,3
384,1056,66,HRS,14
385,1057,122,Agoda,12
386,1058,10,Expedia,15
387,1060,170,Hotels.com,12
388,1063,108,Expedia,1
389,1065,123,HRS,5
390,1066,106,Agoda,12
391,1076,122,Agoda,10
392,1077,27,Expedia,18
393,1083,173,HRS,11
394,1084,189,Agoda,3
395,1087,27,Expedia,9
396,1088,71,HRS,16
397,1090,34,Agoda,18
398,1092,197,Booking.com,11
399,1095,70,Booking.com,11
400,1101,43,Expedia,19
401,1102,4,Hotels.com,16
402,1104,179,HRS,6
403,1106,181,Agoda,6
404,1107,65,HRS,11
405,1111,150,Booking.com,3
406,1113,78,Agoda,9
407,1117,101,HRS,16
408,1118,81,Booking.com,6
409,1119,48,Booking.com,6
410,1121,196,Hotels.com,6
411,1123,44,Hotels.com,16
412,1125,164,HRS,7
413,1126,91,Booking.com,16
414,1127,96,Agoda,4
415,1129,78,Expedia,9
416,1131,24,Booking.com,9
417,1133,132,Hotels.com,5
418,1136,13,Booking.com,13
419,1137,180,Booking.com,8
420,1138,143,Expedia,4
421,1140,134,Expedia,2
422,1141,2,HRS,17
423,1143,140,Hotels.com,10
424,1148,165,Agoda,5
425,1150,36,Agoda,6
426,1151,12,Hotels.com,16
427,1164,176,Agoda,13
428,1165,53,Booking.com,2
429,1166,52,HRS,8
430,1169,152,Booking.com,6
431,1171,96,Expedia,2
432,1173,192,Hotels.com,14
433,1174,116,Agoda,5
434,1177,108,Agoda,2
435,1181,60,Expedia,18
436,1182,145,Hotels.com,11
437,1184,118,Booking.com,11
438,1185,50,Agoda,14
439,1188,27,Hotels.com,4
440,1191,8,Hotels.com,7
441,1194,107,Expedia,19
442,1201,165,Booking.com,15
443,1203,26,Expedia,6
444,1207,6,HRS,3
445,1208,103,HRS,7
446,1215,204,HRS,15
447,1216,169,Booking.com,18
448,1222,195,Booking.com,2
449,1225,149,HRS,15
450,1226,42,Expedia,8
451,1228,39,Agoda,4
452,1233,25,Booking.com,16
453,1237,145,Expedia,19
454,1240,57,Hotels.com,11
455,1242,162,Booking.com,4
456,1243,109,HRS,15
457,1246,108,HRS,17
458,1248,5,Booking.com,9
459,1249,201,Hotels.com,6
460,1259,32,HRS,2
461,1263,195,Booking.com,12
462,1271,56,Expedia,15
463,1272,1,Agoda,3
464,1273,57,Agoda,13
465,1274,32,Hotels.com,10
466,1282,123,HRS,15
467,1285,68,Booking.com,16
468,1287,139,Booking.com,4
469,1290,170,Expedia,3
470,1293,26,Booking.com,9
471,1299,88,Agoda,2
472,1300,159,Booking.com,13
473,1302,53,Agoda,7
474,1305,170,Booking.com,4
475,1306,122,Hotels.com,9
476,1307,61,Expedia,18
477,1308,162,Agoda,6
478,1316,209,Hotels.com,1
479,1319,79,Booking.com,10
480,1320,13,Booking.com,4
481,1321,177,Agoda,18
482,1324,30,Expedia,2
483,1328,158,Hotels.com,15
484,1334,26,Expedia,5
485,1338,42,Booking.com,17
486,1340,212,Expedia,2
487,1342,104,Expedia,12
488,1346,163,Hotels.com,5
489,1355,1,Hotels.com,17
490,1356,2,Agoda,15
491,1357,9,HRS,2
492,1358,120,Booking.com,16
493,1360,140,Agoda,5
494,1361,186,Agoda,13
495,1364,181,Booking.com,15
496,1365,48,Hotels.com,18
497,1366,110,Agoda,14
498,1367,68,HRS,16
499,1368,142,HRS,11
500,1369,54,Agoda,14
501,1371,200,HRS,4
502,1373,214,Expedia,15
503,1376,74,HRS,13
504,1377,126,HRS,18
505,1378,170,HRS,2
506,1381,211,Hotels.com,18
507,1383,78,Hotels.com,13
508,1388,126,HRS,2
509,1390,29,Hotels.com,6
510,1396,210,Expedia,16
511,1398,52,Agoda,7
512,1399,83,HRS,2
513,1401,206,Booking.com,17
514,1403,47,Agoda,11
515,1405,16,HRS,3
516,1407,166,Agoda,18
517,1409,148,Hotels.com,17
518,1410,141,Expedia,10
519,1411,204,HRS,17
520,1412,51,Hotels.com,14
521,1416,116,Expedia,14
522,1418,184,Agoda,11
523,1419,193,Expedia,19
524,1420,198,Booking.com,19
525,1424,134,Agoda,14
526,1426,164,HRS,2
527,1430,190,Hotels.com,11
528,1431,100,HRS,5
529,1432,61,Expedia,18
530,1434,16,Expedia,19
531,1436,110,Booking.com,11
532,1437,84,Expedia,6
533,1443,125,Hotels.com,17
534,1444,14,Expedia,16
535,1449,220,HRS,11
536,1450,58,Agoda,8
537,1452,2,Hotels.com,16
538,1457,132,Expedia,4
539,1459,175,Booking.com,13
540,1463,113,Expedia,10
541,1464,84,Hotels.com,4
542,1465,134,Hotels.com,11
543,1466,113,Booking.com,14
544,1472,23,Booking.com,6
545,1475,58,Expedia,4
546,1482,190,Booking.com,11
547,1483,153,Expedia,17
548,1484,4,HRS,10
549,1485,212,Expedia,18
550,1491,219,Agoda,18
551,1492,152,Hotels.com,1
552,1493,126,HRS,1
553,1494,32,Expedia,1
554,1495,159,Expedia,18
555,1501,73,Hotels.com,15
556,1502,51,HRS,8
557,1505,148,Booking.com,12
558,1507,88,Hotels.com,5
559,1509,18,HRS,12
560,1510,149,Booking.com,19
561,1511,154,Agoda,5
562,1518,132,Expedia,8
563,1521,158,Booking.com,5
564,1522,46,Agoda,3
565,1524,40,Agoda,3
566,1529,27,HRS,4
567,1531,197,Agoda,7
568,1534,100,Hotels.com,8
569,1535,115,Hotels.com,13
570,1538,161,Booking.com,13
571,1539,106,Hotels.com,6
572,1541,205,Expedia,9
573,1542,99,Expedia,14
574,1547,18,Agoda,15
575,1548,111,Expedia,17
576,1549,218,Expedia,11
577,1551,110,Hotels.com,7
578,1553,5,Hotels.com,3
579,1554,149,Booking.com,17
580,1555,175,Booking.com,7
581,1556,140,HRS,9
582,1557,158,Agoda,1
583,1562,110,Booking.com,2
584,1563,115,Agoda,16
585,1564,36,HRS,17
586,1566,134,Agoda,4
587,1567,1,Hotels.com,8
588,1568,172,Booking.com,7
589,1578,105,Booking.com,8
590,1581,101,Booking.com,12
591,1582,73,Booking.com,16
592,1584,35,Agoda,10
593,1585,151,Expedia,4
594,1591,129,Expedia,7
595,1592,2,Booking.com,7
596,1594,90,Expedia,8
597,1595,130,Booking.com,9
598,1603,140,Hotels.com,14
599,1604,32,Agoda,7
600,1605,42,Agoda,8
601,1606,18,Hotels.com,11
602,1607,21,Hotels.com,15
603,1608,23,Agoda,8
604,1609,16,Agoda,10
605,1611,117,Agoda,19
606,1613,15,Agoda,4
607,1618,115,Booking.com,10
608,1620,194,Agoda,16
609,1621,186,Hotels.com,10
610,1623,101,Booking.com,8
611,1624,2,HRS,19
612,1629,34,Hotels.com,18
613,1631,28,Expedia,13
614,1635,121,Expedia,3
615,1636,147,Hotels.com,1
616,1639,93,Booking.com,19
617,1641,112,Hotels.com,6
618,1644,119,Expedia,5
619,1648,57,HRS,7
620,1655,179,HRS,15
621,1656,114,Booking.com,8
622,1661,46,Booking.com,5
623,1662,45,Expedia,4
624,1664,51,Booking.com,14
625,1669,198,Agoda,4
626,1670,217,Hotels.com,18
627,1673,173,Expedia,12
628,1677,41,Expedia,16
629,1678,218,HRS,4
630,1681,11,Agoda,16
631,1684,26,Agoda,16
632,1685,209,HRS,18
633,1690,180,Expedia,4
634,1692,70,Booking.com,13
635,1694,130,Booking.com,1
636,1696,45,Booking.com,5
637,1698,14,Booking.com,14
638,1699,181,Hotels.com,6
639,1700,187,Hotels.com,12
640,1701,137,Expedia,11
641,1703,156,Agoda,15
642,1704,143,Booking.com,13
643,1707,104,Booking.com,4
644,1708,2,Expedia,18
645,1710,181,Booking.com,16
646,1715,109,Booking.com,13
647,1717,2,HRS,5
648,1721,2,Booking.com,15
649,1722,99,Hotels.com,1
650,1724,98,Booking.com,18
651,1728,93,HRS,2
652,1729,150,HRS,16
653,1731,127,HRS,10
654,1736,76,Booking.com,4
655,1737,109,Booking.com,2
656,1738,122,HRS,14
657,1739,180,HRS,4
658,1741,13,Expedia,1
659,1742,218,Booking.com,8
660,1744,79,Expedia,17
661,1746,72,HRS,13
662,1750,114,Expedia,7
663,1751,200,Hotels.com,17
664,1755,64,Booking.com,1
665,1759,75,Booking.com,1
666,1761,219,Hotels.com,4
667,1762,10,Agoda,1
668,1768,66,Agoda,13
669,1771,127,Expedia,5
670,1773,155,Agoda,17
671,1776,95,HRS,8
672,1779,139,Agoda,19
673,1782,155,HRS,18
674,1783,23,Booking.com,17
675,1785,173,Hotels.com,5
676,1786,137,Booking.com,3
677,1790,217,Booking.com,7
678,1795,197,Hotels.com,18
679,1796,41,Hotels.com,7
680,1798,91,Agoda,11
681,1799,147,Hotels.com,18
682,1800,115,Agoda,19
683,1807,101,Booking.com,6
684,1808,156,Booking.com,11
685,1816,182,Expedia,1
686,1817,136,Expedia,8
687,1819,83,HRS,5
688,1821,100,Agoda,18
689,1823,62,HRS,8
690,1824,76,HRS,17
691,1825,7,Expedia,16
692,1827,169,Booking.com,9
693,1829,65,Agoda,11
694,1830,42,Hotels.com,17
695,1831,76,Booking.com,16
696,1836,196,HRS,3
697,1838,139,HRS,10
698,1839,44,Expedia,12
699,1842,153,Hotels.com,2
700,1843,198,Expedia,16
701,1846,102,Agoda,3
702,1851,75,Expedia,18
703,1853,109,Expedia,18
704,1859,180,Hotels.com,9
705,1863,115,Agoda,2
706,1864,62,Agoda,10
707,1865,118,HRS,10
708,1867,4,Expedia,2
709,1871,73,HRS,10
710,1875,212,HRS,2
711,1878,74,Hotels.com,4
712,1879,121,Hotels.com,7
713,1889,21,Agoda,11
714,1891,200,HRS,7
715,1894,53,Expedia,17
716,1907,156,Hotels.com,8
717,1908,165,HRS,11
718,1909,215,Expedia,2
719,1910,13,Expedia,9
720,1911,75,Booking.com,18
721,1913,155,Hotels.com,16
722,1916,118,Hotels.com,2
723,1917,169,HRS,9
724,1923,94,Expedia,16
725,1926,55,Expedia,1
726,1928,163,Agoda,4
727,1931,197,Hotels.com,17
728,1933,175,Booking.com,3
729,1935,151,Expedia,13
730,1937,54,Expedia,11
731,1941,80,HRS,16
732,1944,182,Agoda,19
733,1945,185,Agoda,7
734,1950,78,Hotels.com,1
735,1953,74,Expedia,1
736,1954,18,Agoda,13
737,1956,22,Agoda,10
738,1959,124,Booking.com,8
739,1963,215,Agoda,4
740,1965,209,Booking.com,12
741,1966,159,Agoda,12
742,1967,55,Agoda,7
743,1968,110,Hotels.com,18
744,1969,105,Hotels.com,3
745,1972,42,Agoda,5
746,1973,186,Hotels.com,6
747,1976,3,HRS,1
748,1977,16,Booking.com,1
749,1982,198,Hotels.com,16
750,1983,24,Agoda,13
751,1984,134,HRS,13
752,1985,4,Booking.com,10
753,1989,195,Booking.com,19
754,1991,102,Expedia,3
755,1995,111,Hotels.com,14
756,1996,95,Agoda,7
757,2000,61,Agoda,8
758,2002,67,Agoda,13
759,2003,104,Agoda,18
760,2004,214,Booking.com,11
761,2007,73,Hotels.com,17
762,2008,184,Hotels.com,4
763,2014,161,Agoda,9
764,2015,74,Agoda,5
765,2017,171,Booking.com,1
766,2018,48,Hotels.com,18
767,2020,81,HRS,5
768,2022,11,Booking.com,12
769,2028,131,Hotels.com,16
770,2031,8,Booking.com,11
771,2036,58,Agoda,3
772,2044,81,Agoda,1
773,2045,171,Hotels.com,2
774,2048,183,HRS,11
775,2049,152,HRS,18
776,2054,22,Booking.com,15
777,2056,145,Agoda,19
778,2057,49,HRS,17
779,2058,134,HRS,19
780,2059,26,HRS,3
781,2060,191,HRS,16
782,2061,118,Booking.com,16
783,2062,91,Booking.com,10
784,2065,133,Hotels.com,1
785,2068,9,Agoda,8
786,2070,159,Booking.com,6
787,2076,165,Hotels.com,15
788,2084,167,Agoda,3
789,2087,147,Expedia,5
790,2088,80,Hotels.com,8
791,2089,147,Booking.com,5
792,2093,212,Hotels.com,10
793,2097,146,Booking.com,8
794,2099,128,Hotels.com,4
795,2107,52,Agoda,11
796,2108,40,Agoda,10
797,2111,120,Expedia,2
798,2118,166,Agoda,18
799,2119,136,Hotels.com,13
800,2124,76,HRS,13
801,2125,90,Booking.com,19
802,2127,68,Hotels.com,8
803,2128,8,Agoda,13
804,2130,74,HRS,3
805,2131,91,Hotels.com,18
806,2132,19,Agoda,12
807,2137,8,HRS,7
808,2140,1,Hotels.com,7
809,2144,18,HRS,4
810,2145,149,Agoda,15
811,2148,30,Hotels.com,5
812,2151,34,Agoda,16
813,2153,32,HRS,4
814,2156,133,HRS,4
815,2157,86,HRS,1
816,2163,219,Agoda,4
817,2166,213,Agoda,3
818,2167,166,HRS,5
819,2171,181,Hotels.com,12
820,2178,92,Booking.com,18
821,2185,98,Hotels.com,1
822,2191,102,Expedia,5
823,2194,125,Booking.com,4
824,2198,206,Agoda,3
825,2199,157,Booking.com,9
826,2201,23,Agoda,15
827,2202,11,Hotels.com,14
828,2205,158,Expedia,2
829,2209,215,Hotels.com,19
830,2211,199,HRS,11
831,2213,189,Expedia,11
832,2215,17,Agoda,15
833,2216,194,Expedia,11
834,2217,212,HRS,7
835,2219,194,Booking.com,17
836,2220,19,Booking.com,17
837,2223,173,Hotels.com,12
838,2224,32,Expedia,16
839,2225,173,Agoda,2
840,2228,205,Agoda,1
841,2229,153,HRS,9
842,2235,164,Booking.com,8
843,2236,76,Hotels.com,10
844,2237,183,Agoda,6
845,2238,43,HRS,11
846,2240,218,Agoda,19
847,2241,103,Booking.com,13
848,2242,103,Agoda,6
849,2244,2,Agoda,16
850,2245,66,Agoda,3
851,2248,91,HRS,16
852,2251,102,HRS,16
853,2253,24,Expedia,19
854,2254,27,Expedia,18
855,2258,90,Agoda,8
856,2259,63,Agoda,8
857,2263,91,HRS,5
858,2264,166,Expedia,18
859,2265,18,Expedia,12
860,2267,51,Expedia,2
861,2271,157,HRS,19
862,2277,174,HRS,4
863,2278,76,HRS,4
864,2280,50,Booking.com,2
865,2282,62,Expedia,6
866,2292,32,Agoda,1
867,2297,1,Agoda,7
868,2300,18,Hotels.com,17
869,2302,103,HRS,7
870,2303,142,Booking.com,4
871,2304,180,Expedia,16
872,2308,6,Expedia,11
873,2310,121,Expedia,13
874,2311,181,HRS,10
875,2313,86,Expedia,14
876,2319,115,HRS,2
877,2321,197,Agoda,18
878,2346,90,Hotels.com,3
879,2351,200,Expedia,7
880,2352,164,Expedia,2
881,2357,143,Agoda,16
882,2363,103,HRS,1
883,2364,202,Hotels.com,5
884,2366,97,Agoda,17
885,2367,152,Booking.com,15
886,2370,47,Agoda,3
887,2372,128,Agoda,7
888,2374,164,Agoda,16
889,2375,2,HRS,9
890,2376,148,Hotels.com,18
891,2378,21,Expedia,15
892,2381,109,Booking.com,12
893,2383,66,Agoda,17
894,2387,87,HRS,19
895,2388,205,HRS,12
896,2389,92,HRS,9
897,2392,58,Booking.com,7
898,2394,103,Expedia,6
899,2395,86,Agoda,19
900,2396,117,Booking.com,16
901,2398,190,Expedia,19
902,2399,168,Hotels.com,7
903,2401,143,HRS,15
904,2402,220,Hotels.com,15
905,2404,170,Booking.com,12
906,2405,176,Booking.com,8
907,2407,144,Agoda,12
908,2408,135,Booking.com,12
909,2409,114,HRS,3
910,2412,175,Agoda,10
911,2415,105,Booking.com,1
912,2417,38,Agoda,16
913,2418,138,Booking.com,6
914,2420,203,Hotels.com,4
915,2423,194,Booking.com,19
916,2424,29,Booking.com,7
917,2425,217,Agoda,4
918,2426,146,Hotels.com,3
919,2427,181,Expedia,8
920,2429,179,HRS,8
921,2430,15,Expedia,1
922,2431,38,Agoda,8
923,2435,82,Hotels.com,17
924,2436,145,Booking.com,8
925,2441,56,HRS,11
926,2442,76,HRS,3
927,2444,180,Hotels.com,9
928,2448,42,HRS,14
929,2452,51,Booking.com,11
930,2453,178,Booking.com,16
931,2455,89,Hotels.com,17
932,2457,103,Agoda,6
933,2463,31,Booking.com,12
934,2468,186,HRS,14
935,2469,74,HRS,9
936,2470,23,HRS,19
937,2471,111,Expedia,12
938,2473,119,Agoda,9
939,2475,160,HRS,8
940,2477,191,Expedia,4
941,2479,70,Hotels.com,2
942,2480,37,HRS,13
943,2481,105,Agoda,8
944,2486,197,Expedia,16
945,2488,32,Booking.com,19
946,2490,66,Agoda,7
947,2494,113,Hotels.com,15
948,2495,1,Expedia,18
949,2499,67,HRS,15
950,2501,169,Expedia,4
951,2503,101,Expedia,2
952,2504,177,Agoda,11
953,2505,57,HRS,9
954,2506,40,Agoda,5
955,2507,204,HRS,16
956,2509,80,HRS,7
957,2511,208,Agoda,12
958,2512,7,Booking.com,3
959,2513,186,Booking.com,10
960,2515,89,Agoda,14
961,2520,182,Agoda,12
962,2521,34,Agoda,3
963,2524,158,Hotels.com,2
964,2526,182,Expedia,13
965,2527,44,Expedia,15
966,2532,82,Hotels.com,19
967,2536,12,Booking.com,1
968,2537,12,Agoda,4
969,2538,14,Agoda,16
970,2541,174,HRS,13
971,2545,13,HRS,18
972,2554,107,HRS,17
973,2555,11,HRS,17
974,2558,53,Booking.com,10
975,2559,82,HRS,14
976,2566,105,Hotels.com,13
977,2568,211,Expedia,9
978,2570,50,Hotels.com,18
979,2572,158,Hotels.com,16
980,2582,167,HRS,17
981,2584,203,Booking.com,15
982,2587,203,Hotels.com,16
983,2588,145,Hotels.com,14
984,2592,178,Agoda,14
985,2596,147,Hotels.com,5
986,2598,195,HRS,12
987,2604,38,Hotels.com,8
988,2605,51,HRS,3
989,2608,15,HRS,15
990,2609,55,Expedia,6
991,2610,215,HRS,9
992,2613,178,HRS,5
993,2614,137,Expedia,2
994,2615,125,Booking.com,10
995,2617,169,Expedia,3
996,2618,49,Booking.com,7
997,2623,97,Booking.com,18
998,2625,86,Expedia,7
999,2626,199,Agoda,3
1000,2630,13,Booking.com,10
1001,2634,38,HRS,17
1002,2638,93,Agoda,11
1003,2639,131,Hotels.com,13
1004,2641,84,HRS,11
1005,2643,43,Booking.com,12
1006,2645,198,HRS,3
1007,2646,144,Hotels.com,6
1008,2648,1,Booking.com,13
1009,2664,190,Agoda,17
1010,2670,78,Expedia,8
1011,2672,181,Agoda,4
1012,2675,100,Expedia,15
1013,2681,187,Booking.com,3
1014,2687,187,HRS,7
1015,2690,1,Expedia,13
1016,2693,17,Expedia,15
1017,2694,178,Agoda,10
1018,2695,61,Hotels.com,3
1019,2697,98,HRS,2
1020,2699,25,Hotels.com,18
1021,2704,109,Booking.com,18
1022,2706,89,Hotels.com,4
1023,2708,139,HRS,8
1024,2710,217,Hotels.com,10
1025,2711,171,Expedia,1
1026,2713,175,Agoda,18
1027,2716,172,HRS,11
1028,2726,87,Hotels.com,14
1029,2729,45,Expedia,9
1030,2730,170,Agoda,10
1031,2731,72,Booking.com,6
1032,2732,181,Expedia,4
1033,2733,79,Booking.com,5
1034,2735,22,HRS,15
1035,2736,101,Expedia,17
1036,2739,137,HRS,17
1037,2743,39,HRS,7
1038,2747,117,Booking.com,8
1039,2751,208,Booking.com,18
1040,2754,10,Hotels.com,18
1041,2756,35,Agoda,12
1042,2759,84,Booking.com,6
1043,2764,66,Agoda,9
1044,2774,79,Agoda,11
1045,2775,149,HRS,14
1046,2776,147,Agoda,8
1047,2777,116,Hotels.com,3
1048,2780,81,HRS,13
1049,2784,205,HRS,7
1050,2786,93,Agoda,1
1051,2788,51,Hotels.com,7
1052,2792,8,Hotels.com,8
1053,2795,172,Expedia,9
1054,2796,53,HRS,19
1055,2799,156,HRS,10
1056,2803,11,Booking.com,12
1057,2805,98,HRS,2
1058,2806,11,Booking.com,9
1059,2808,7,Expedia,12
1060,2811,45,Agoda,3
1061,2812,182,Expedia,2
1062,2813,52,Hotels.com,12
1063,2815,185,Agoda,13
1064,2818,141,Booking.com,12
1065,2819,157,Expedia,10
1066,2820,183,Expedia,3
1067,2822,48,Hotels.com,1
1068,2824,42,HRS,5
1069,2825,196,Agoda,5
1070,2828,5,Agoda,19
1071,2836,150,Expedia,14
1072,2838,39,Hotels.com,14
1073,2840,216,HRS,1
1074,2841,59,Hotels.com,13
1075,2847,46,Booking.com,5
1076,2848,50,Hotels.com,19
1077,2849,41,HRS,7
1078,2850,72,Expedia,7
1079,2855,173,HRS,14
1080,2856,34,Hotels.com,8
1081,2857,176,Hotels.com,4
1082,2858,58,Expedia,17
1083,2862,85,Agoda,15
1084,2865,212,Hotels.com,11
1085,2867,134,Booking.com,17
1086,2868,93,Booking.com,4
1087,2869,88,Expedia,9
1088,2876,118,HRS,13
1089,2881,92,HRS,4
1090,2882,199,Expedia,6
1091,2883,72,HRS,4
1092,2885,47,HRS,6
1093,2888,15,Expedia,17
1094,2893,5,Hotels.com,13
1095,2894,27,Expedia,14
1096,2895,173,HRS,13
1097,2896,149,Expedia,15
1098,2900,95,HRS,17
1099,2901,214,Expedia,8
1100,2906,24,Hotels.com,7
1101,2907,107,Expedia,10
1102,2914,187,Booking.com,8
1103,2915,164,HRS,6
1104,2917,128,Expedia,3
1105,2918,179,Expedia,8
1106,2920,59,Hotels.com,19
1107,2928,68,Booking.com,19
1108,2932,47,HRS,10
1109,2933,147,HRS,3
1110,2937,98,Booking.com,18
1111,2942,6,HRS,14
1112,2943,130,Hotels.com,17
1113,2952,54,Hotels.com,16
1114,2956,210,Booking.com,2
1115,2957,209,HRS,14
1116,2958,44,Hotels.com,14
1117,2960,116,Booking.com,19
1118,2962,161,Expedia,2
1119,2964,174,Agoda,5
1120,2967,14,Agoda,15
1121,2968,73,HRS,11
1122,2969,137,Agoda,12
1123,2976,12,HRS,5
1124,2978,135,Booking.com,13
1125,2981,165,Expedia,9
1126,2987,57,HRS,2
1127,2989,12,Agoda,17
1128,2994,136,Expedia,7
1129,2999,200,Agoda,8
1130,3004,9,Booking.com,13
1131,3006,53,HRS,1
1132,3007,101,Agoda,2
1133,3010,117,Expedia,19
1134,3018,26,Hotels.com,6
1135,3019,98,Hotels.com,3
1136,3020,188,Expedia,14
1137,3022,70,Hotels.com,13
1138,3030,4,Booking.com,19
1139,3031,210,Expedia,18
1140,3035,103,HRS,15
1141,3042,78,Hotels.com,3
1142,3044,136,HRS,16
1143,3046,105,Expedia,1
1144,3047,147,Agoda,3
1145,3049,77,Booking.com,15
1146,3050,83,Expedia,4
1147,3052,178,HRS,8
1148,3053,194,HRS,4
1149,3054,98,HRS,18
1150,3055,170,Booking.com,17
1151,3057,36,Hotels.com,15
1152,3058,167,HRS,16
1153,3061,119,Expedia,4
1154,3064,52,Expedia,10
1155,3068,143,HRS,1
1156,3070,20,HRS,9
1157,3074,65,Expedia,12
1158,3076,137,Booking.com,8
1159,3079,72,HRS,11
1160,3087,3,Hotels.com,15
1161,3088,101,Hotels.com,6
1162,3090,89,Agoda,3
1163,3091,119,Hotels.com,8
1164,3101,169,Expedia,12
1165,3102,25,Expedia,4
1166,3106,174,Hotels.com,3
1167,3109,5,Booking.com,18
1168,3110,84,Hotels.com,8
1169,3113,150,Booking.com,3
1170,3116,214,Agoda,14
1171,3119,216,Hotels.com,3
1172,3121,111,Booking.com,19
1173,3127,75,HRS,5
1174,3129,7,Agoda,15
1175,3131,112,Agoda,17
1176,3134,214,Booking.com,14
1177,3136,13,Booking.com,1
1178,3137,87,Expedia,15
1179,3139,125,HRS,3
1180,3140,13,Booking.com,13
1181,3141,74,Expedia,11
1182,3143,163,Expedia,13
1183,3146,182,Agoda,1
1184,3147,105,Expedia,10
1185,3149,209,Hotels.com,4
1186,3151,184,Agoda,18
1187,3153,184,Booking.com,16
1188,3155,29,Agoda,15
1189,3156,39,HRS,3
1190,3157,29,Booking.com,17
1191,3158,216,Hotels.com,10
1192,3159,158,Agoda,12
1193,3161,166,HRS,14
1194,3166,215,Booking.com,8
1195,3167,170,HRS,19
1196,3169,84,Hotels.com,18
1197,3178,119,Expedia,16
1198,3179,142,Hotels.com,12
1199,3188,106,Booking.com,1
1200,3190,78,Booking.com,11
1201,3191,163,Agoda,15
1202,3194,40,Agoda,17
1203,3195,69,Booking.com,11
1204,3200,55,HRS,1
1205,3204,67,HRS,7
1206,3206,146,Booking.com,7
1207,3208,92,Expedia,6
1208,3210,158,Expedia,1
1209,3211,2,HRS,5
1210,3212,168,Hotels.com,4
1211,3213,191,Expedia,18
1212,3214,33,Agoda,14
1213,3216,26,HRS,12
1214,3219,172,HRS,7
1215,3222,61,HRS,18
1216,3226,190,Expedia,9
1217,3227,114,HRS,6
1218,3238,105,Booking.com,14
1219,3239,163,Hotels.com,16
1220,3243,72,Expedia,9
1221,3244,157,Agoda,2
1222,3246,206,HRS,8
1223,3248,54,Expedia,8
1224,3250,43,Agoda,4
1225,3252,214,Agoda,4
1226,3253,90,Hotels.com,8
1227,3257,136,Agoda,11
1228,3258,125,HRS,13
1229,3259,21,Booking.com,8
1230,3260,14,HRS,14
1231,3261,209,Hotels.com,13
1232,3262,218,Booking.com,7
1233,3267,160,Expedia,17
1234,3272,31,Hotels.com,18
1235,3273,174,HRS,5
1236,3276,215,Expedia,14
1237,3277,113,Agoda,7
1238,3279,12,Booking.com,14
1239,3280,6,Expedia,7
1240,3287,80,Expedia,15
1241,3288,43,Booking.com,15
1242,3290,73,Hotels.com,8
1243,3291,89,Booking.com,2
1244,3292,178,Expedia,9
1245,3295,159,HRS,16
1246,3297,157,HRS,15
1247,3299,90,Booking.com,14
1248,3300,168,Agoda,16
1249,3304,192,Expedia,9
1250,3305,65,Booking.com,15
1251,3306,211,Hotels.com,14
1252,3312,186,Booking.com,10
1253,3313,66,Hotels.com,1
1254,3318,3,Expedia,3
1255,3319,50,Agoda,3
1256,3320,173,Agoda,17
1257,3321,69,Agoda,19
1258,3323,208,Hotels.com,19
1259,3325,102,Booking.com,16
1260,3327,98,Expedia,14
1261,3332,189,Hotels.com,2
1262,3334,30,Expedia,4
1263,3336,27,Booking.com,7
1264,3339,140,HRS,5
1265,3341,211,HRS,17
1266,3342,152,Booking.com,16
1267,3343,46,HRS,12
1268,3347,160,Agoda,15
1269,3349,202,Hotels.com,13
1270,3354,126,Agoda,19
1271,3357,103,Expedia,16
1272,3358,13,Expedia,6
1273,3360,86,Booking.com,14
1274,3361,148,Booking.com,10
1275,3362,65,Agoda,9
1276,3365,126,HRS,6
1277,3367,67,Agoda,4
1278,3368,22,HRS,3
1279,3372,150,Booking.com,19
1280,3382,74,Hotels.com,13
1281,3383,59,Agoda,16
1282,3386,18,HRS,3
1283,3390,194,Booking.com,9
1284,3392,127,HRS,2
1285,3393,124,Agoda,14
1286,3394,117,Booking.com,5
1287,3397,93,Agoda,3
1288,3398,190,Expedia,9
1289,3399,165,HRS,9
1290,3401,109,HRS,17
1291,3403,134,Expedia,11
1292,3404,19,Agoda,11
1293,3405,63,Booking.com,9
1294,3406,126,Booking.com,18
1295,3408,87,Booking.com,14
1296,3410,17,Agoda,16
1297,3412,210,HRS,2
1298,3413,89,HRS,3
1299,3417,198,HRS,17
1300,3418,192,Agoda,10
1301,3420,174,Agoda,2
1302,3421,121,Booking.com,17
1303,3424,132,Agoda,19
1304,3425,130,Booking.com,1
1305,3426,101,Agoda,16
1306,3429,124,Hotels.com,5
1307,3431,137,Agoda,9
1308,3437,114,Agoda,18
1309,3438,170,Hotels.com,14
1310,3439,109,Booking.com,10
1311,3440,30,Expedia,2
1312,3441,108,Hotels.com,13
1313,3443,185,Agoda,6
1314,3444,49,Expedia,17
1315,3447,209,Booking.com,1
1316,3449,49,Agoda,18
1317,3456,91,Agoda,19
1318,3457,150,Agoda,4
1319,3458,173,Expedia,6
1320,3459,197,Hotels.com,10
1321,3465,76,Expedia,6
1322,3470,162,Hotels.com,4
1323,3471,42,Hotels.com,14
1324,3476,144,HRS,12
1325,3477,9,Booking.com,8
1326,3481,98,Booking.com,5
1327,3482,191,Booking.com,10
1328,3484,100,HRS,3
1329,3485,145,Agoda,4
1330,3494,183,HRS,4
1331,3496,9,Booking.com,15
1332,3500,204,Hotels.com,15
1333,3504,103,Expedia,3
1334,3506,147,Booking.com,4
1335,3508,23,Booking.com,12
1336,3509,12,Expedia,2
1337,3510,100,Booking.com,16
1338,3514,11,HRS,10
1339,3516,139,Expedia,4
1340,3519,1,Booking.com,4
1341,3521,204,Expedia,11
1342,3523,60,Agoda,11
1343,3525,45,Expedia,8
1344,3526,11,Hotels.com,2
1345,3528,129,Agoda,11
1346,3534,124,Booking.com,16
1347,3536,171,Hotels.com,10
1348,3552,2,Booking.com,2
1349,3557,133,Booking.com,11
1350,3559,22,Agoda,16
1351,3561,6,Agoda,8
1352,3562,116,Agoda,9
1353,3567,109,Agoda,5
1354,3568,175,HRS,19
1355,3569,213,Hotels.com,10
1356,3570,2,Booking.com,11
1357,3571,45,Expedia,18
1358,3572,175,Booking.com,7
1359,3574,198,Agoda,19
1360,3576,141,Agoda,2
1361,3578,142,Hotels.com,14
1362,3580,102,Hotels.com,7
1363,3581,160,HRS,2
1364,3590,91,Agoda,19
1365,3591,54,Hotels.com,13
1366,3594,179,Booking.com,10
1367,3596,5,Booking.com,16
1368,3600,163,Booking.com,9
1369,3602,210,Expedia,2
1370,3608,11,HRS,2
1371,3610,39,Hotels.com,13
1372,3615,85,Booking.com,2
1373,3620,143,Hotels.com,10
1374,3622,198,Expedia,4
1375,3624,33,Booking.com,10
1376,3626,183,Expedia,1
1377,3629,220,Hotels.com,2
1378,3631,59,Booking.com,17
1379,3633,111,Expedia,19
1380,3636,148,Agoda,16
1381,3638,29,Hotels.com,3
1382,3644,48,Booking.com,5
1383,3647,92,HRS,12
1384,3648,128,HRS,7
1385,3650,176,Hotels.com,10
1386,3652,186,Agoda,9
1387,3653,42,Expedia,2
1388,3654,145,Hotels.com,14
1389,3657,145,HRS,19
1390,3658,116,Hotels.com,11
1391,3659,20,Expedia,14
1392,3665,124,Expedia,3
1393,3668,62,Expedia,9
1394,3671,18,Booking.com,17
1395,3675,155,Hotels.com,6
1396,3676,202,Booking.com,19
1397,3677,53,Expedia,6
1398,3678,67,Agoda,16
1399,3695,200,Agoda,9
1400,3698,217,Expedia,16
1401,3700,119,Hotels.com,7
1402,3701,121,Hotels.com,5
1403,3703,77,Booking.com,19
1404,3705,178,Expedia,11
1405,3706,177,Agoda,15
1406,3707,139,Agoda,15
1407,3710,162,Booking.com,7
1408,3712,170,Booking.com,5
1409,3716,165,Expedia,1
1410,3717,170,Hotels.com,19
1411,3718,74,Booking.com,9
1412,3720,59,Agoda,13
1413,3724,9,Booking.com,6
1414,3730,116,Booking.com,4
1415,3731,213,Booking.com,14
1416,3733,95,Hotels.com,18
1417,3737,181,HRS,9
1418,3739,8,Hotels.com,18
1419,3741,137,Hotels.com,16
1420,3742,64,Hotels.com,16
1421,3744,47,Hotels.com,19
1422,3746,79,HRS,18
1423,3750,35,HRS,13
1424,3753,157,HRS,6
1425,3754,87,Agoda,7
1426,3758,158,Expedia,8
1427,3759,71,Hotels.com,16
1428,3760,105,Agoda,12
1429,3761,88,Hotels.com,12
1430,3767,83,Booking.com,12
1431,3768,171,Hotels.com,4
1432,3772,90,Agoda,19
1433,3774,25,Agoda,14
1434,3775,8,HRS,1
1435,3777,179,Booking.com,19
1436,3780,215,HRS,18
1437,3781,218,HRS,7
1438,3782,26,Expedia,2
1439,3783,35,Agoda,10
1440,3787,98,Booking.com,14
1441,3788,159,HRS,10
1442,3791,61,Booking.com,14
1443,3793,13,Booking.com,2
1444,3794,34,Booking.com,9
1445,3797,141,Agoda,11
1446,3804,183,Hotels.com,6
1447,3808,153,Agoda,18
1448,3810,56,HRS,14
1449,3814,93,Booking.com,10
1450,3815,125,Hotels.com,9
1451,3817,108,Hotels.com,9
1452,3818,56,HRS,19
1453,3819,207,Booking.com,6
1454,3822,1,Agoda,7
1455,3826,71,Expedia,8
1456,3827,185,Booking.com,14
1457,3828,84,HRS,1
1458,3829,134,Agoda,1
1459,3830,101,HRS,3
1460,3832,122,Agoda,9
1461,3834,190,Agoda,8
1462,3835,155,Hotels.com,9
1463,3836,59,Hotels.com,10
1464,3837,183,HRS,9
1465,3838,10,Agoda,1
1466,3840,185,HRS,4
1467,3846,28,HRS,19
1468,3847,128,Hotels.com,16
1469,3855,168,Booking.com,1
1470,3856,107,Agoda,15
1471,3859,25,Agoda,8
1472,3860,68,Agoda,2
1473,3863,19,Hotels.com,3
1474,3865,113,Expedia,16
1475,3868,75,HRS,11
1476,3873,29,Hotels.com,9
1477,3876,162,HRS,9
1478,3877,42,Expedia,1
1479,3878,49,HRS,13
1480,3887,20,Agoda,13
1481,3888,8,Agoda,5
1482,3892,3,Agoda,14
1483,3893,174,Expedia,11
1484,3897,120,Hotels.com,10
1485,3899,194,Expedia,13
1486,3901,56,Booking.com,18
1487,3903,10,HRS,16
1488,3905,210,Expedia,18
1489,3910,55,Agoda,14
1490,3912,24,Hotels.com,9
1491,3913,216,Agoda,4
1492,3916,5,HRS,12
1493,3920,170,Hotels.com,6
1494,3921,137,Agoda,16
1495,3926,38,Agoda,1
1496,3927,209,Booking.com,8
1497,3929,155,Expedia,3
1498,3930,3,HRS,3
1499,3931,138,Hotels.com,7
1500,3932,111,Hotels.com,14
1501,3936,7,Booking.com,16
1502,3937,94,HRS,12
1503,3939,3,HRS,8
1504,3941,29,Expedia,7
1505,3943,59,Booking.com,10
1506,3944,214,Booking.com,12
1507,3945,61,Expedia,11
1508,3948,132,Agoda,2
1509,3949,32,Expedia,4
1510,3950,120,Booking.com,7
1511,3951,169,Agoda,18
1512,3953,187,Hotels.com,4
1513,3955,196,Agoda,10
1514,3956,179,Hotels.com,9
1515,3960,200,HRS,8
1516,3966,45,Expedia,4
1517,3968,1,Hotels.com,12
1518,3970,188,Hotels.com,15
1519,3972,26,Booking.com,7
1520,3974,220,Booking.com,1
1521,3976,59,Agoda,13
1522,3983,76,Expedia,15
1523,3984,7,Agoda,5
1524,3986,46,Booking.com,17
1525,3990,186,Booking.com,4
1526,3993,210,Hotels.com,5
1527,3994,170,Expedia,14
1528,3996,211,Hotels.com,14
1529,3997,132,HRS,3
1530,3999,171,Booking.com,6
1531,4009,153,Agoda,11
1532,4011,74,Agoda,3
1533,4013,15,Booking.com,1
1534,4015,38,HRS,14
1535,4016,64,HRS,18
1536,4019,195,Booking.com,9
1537,4026,90,HRS,8
1538,4027,112,Booking.com,11
1539,4034,80,HRS,12
1540,4035,61,Agoda,17
1541,4036,113,Booking.com,6
1542,4041,220,Booking.com,4
1543,4045,122,Hotels.com,16
1544,4051,117,Agoda,2
1545,4052,89,Booking.com,11
1546,4056,76,Agoda,19
1547,4057,128,Hotels.com,11
1548,4060,103,Expedia,19
1549,4061,154,Expedia,5
1550,4065,15,Booking.com,8
1551,4067,36,Expedia,9
1552,4068,111,HRS,14
1553,4069,13,Agoda,16
1554,4077,174,Booking.com,12
1555,4080,168,HRS,10
1556,4082,85,HRS,4
1557,4083,151,Booking.com,12
1558,4085,96,Hotels.com,11
1559,4086,185,Expedia,18
1560,4087,198,HRS,5
1561,4088,48,HRS,8
1562,4096,202,Agoda,9
1563,4101,110,Hotels.com,17
1564,4106,12,Booking.com,16
1565,4108,91,Hotels.com,1
1566,4110,50,Hotels.com,13
1567,4111,96,Expedia,13
1568,4113,156,Expedia,3
1569,4114,187,Agoda,11
1570,4121,68,Hotels.com,3
1571,4123,139,Hotels.com,8
1572,4124,154,Booking.com,3
1573,4126,137,Agoda,15
1574,4127,149,Hotels.com,9
1575,4129,116,Hotels.com,13
1576,4131,20,HRS,2
1577,4133,139,Expedia,11
1578,4134,211,Hotels.com,7
1579,4135,113,Booking.com,2
1580,4136,81,Expedia,13
1581,4138,118,Expedia,16
1582,4141,91,Agoda,6
1583,4143,209,Hotels.com,3
1584,4144,98,Agoda,18
1585,4146,27,Expedia,3
1586,4148,11,Booking.com,9
1587,4155,134,Booking.com,2
1588,4156,134,Agoda,14
1589,4158,208,Booking.com,11
1590,4159,186,HRS,1
1591,4161,116,Agoda,11
1592,4163,172,Booking.com,13
1593,4165,35,Booking.com,10
1594,4171,125,Hotels.com,1
1595,4175,166,HRS,9
1596,4176,153,Agoda,3
1597,4178,190,HRS,2
1598,4179,163,Booking.com,18
1599,4180,127,HRS,14
1600,4186,49,Hotels.com,3
1601,4188,60,HRS,9
1602,4192,185,Booking.com,19
1603,4194,216,Expedia,10
1604,4196,44,HRS,10
1605,4198,57,HRS,4
1606,4199,70,Agoda,5
1607,4200,28,HRS,1
1608,4204,58,HRS,19
1609,4208,15,Booking.com,3
1610,4209,44,Booking.com,5
1611,4212,8,Hotels.com,19
1612,4213,175,Hotels.com,8
1613,4214,151,Hotels.com,7
1614,4216,81,Hotels.com,17
1615,4220,49,Hotels.com,2
1616,4228,160,Expedia,19
1617,4229,210,Booking.com,2
1618,4230,214,HRS,16
1619,4231,12,Hotels.com,17
1620,4232,17,Agoda,19
1621,4234,153,Hotels.com,7
1622,4235,80,Expedia,7
1623,4240,51,HRS,9
1624,4246,10,Booking.com,16
1625,4247,25,Booking.com,6
1626,4249,54,Hotels.com,9
1627,4251,123,Booking.com,18
1628,4255,75,Booking.com,8
1629,4256,159,Hotels.com,7
1630,4260,105,Expedia,8
1631,4261,3,Booking.com,1
1632,4264,95,Expedia,15
1633,4266,70,Hotels.com,6
1634,4267,11,Hotels.com,18
1635,4268,94,Booking.com,15
1636,4269,152,Booking.com,18
1637,4271,72,Booking.com,13
1638,4273,43,Agoda,19
1639,4279,36,Agoda,3
1640,4280,106,Agoda,13
1641,4285,70,Agoda,7
1642,4287,203,Hotels.com,5
1643,4291,2,Agoda,3
1644,4292,161,HRS,14
1645,4295,90,Agoda,16
1646,4297,208,HRS,2
1647,4299,10,Booking.com,3
1648,4300,97,Agoda,11
1649,4309,96,Booking.com,6
1650,4312,195,Agoda,12
1651,4314,128,HRS,4
1652,4315,149,Hotels.com,19
1653,4317,47,Booking.com,5
1654,4318,140,Booking.com,6
1655,4322,175,Expedia,6
1656,4324,12,HRS,13
1657,4327,61,Booking.com,14
1658,4328,35,Hotels.com,6
1659,4329,28,Expedia,13
1660,4330,180,Expedia,8
1661,4332,165,Expedia,2
1662,4334,184,Hotels.com,4
1663,4337,40,Expedia,2
1664,4338,182,Agoda,7
1665,4339,120,Agoda,17
1666,4342,119,Hotels.com,14
1667,4343,202,Expedia,13
1668,4344,42,HRS,13
1669,4345,97,Agoda,15
1670,4346,60,Expedia,4
1671,4348,86,Expedia,17
1672,4349,104,Hotels.com,16
1673,4351,172,Hotels.com,7
1674,4356,5,HRS,15
1675,4359,95,Hotels.com,9
1676,4360,87,Hotels.com,2
1677,4364,5,Agoda,17
1678,4366,146,HRS,4
1679,4370,38,Expedia,17
1680,4372,88,Expedia,9
1681,4380,61,Agoda,14
1682,4382,45,Agoda,13
1683,4383,146,Agoda,6
1684,4384,107,Booking.com,3
1685,4385,177,Hotels.com,12
1686,4386,59,HRS,18
1687,4391,205,Agoda,18
1688,4392,178,HRS,13
1689,4395,190,Booking.com,19
1690,4398,67,HRS,1
1691,4400,102,Hotels.com,15
1692,4401,198,Agoda,19
1693,4404,189,Booking.com,16
1694,4405,51,Booking.com,19
1695,4407,19,Booking.com,16
1696,4414,117,Booking.com,9
1697,4416,38,Expedia,6
1698,4418,162,Agoda,4
1699,4423,128,Expedia,2
1700,4424,163,Expedia,17
1701,4426,206,HRS,5
1702,4428,138,HRS,14
1703,4431,97,Booking.com,18
1704,4433,11,HRS,6
1705,4435,103,Expedia,4
1706,4436,213,Agoda,9
1707,4437,105,Booking.com,13
1708,4439,7,Booking.com,12
1709,4441,82,Expedia,6
1710,4442,32,Hotels.com,1
1711,4444,42,HRS,10
1712,4445,163,Expedia,9
1713,4449,144,Hotels.com,11
1714,4455,89,Hotels.com,6
1715,4456,218,Expedia,8
1716,4458,13,Hotels.com,15
1717,4459,220,HRS,14
1718,4460,157,HRS,9
1719,4463,155,Hotels.com,5
1720,4465,198,Hotels.com,11
1721,4468,41,Hotels.com,10
1722,4469,44,Expedia,9
1723,4475,125,Agoda,5
1724,4480,175,Agoda,9
1725,4481,75,Expedia,4
1726,4482,50,HRS,11
1727,4486,136,HRS,15
1728,4489,175,Agoda,7
1729,4490,101,Agoda,10
1730,4492,116,HRS,2
1731,4494,3,Booking.com,16
1732,4499,48,Hotels.com,15
1733,4503,184,HRS,18
1734,4506,16,HRS,19
1735,4508,217,Expedia,5
1736,4509,70,Booking.com,4
1737,4513,27,HRS,9
1738,4514,125,Hotels.com,19
1739,4515,95,Booking.com,10
1740,4524,195,Hotels.com,16
1741,4525,87,Expedia,6
1742,4528,100,Hotels.com,7
1743,4532,2,Agoda,13
1744,4535,30,Hotels.com,14
1745,4536,133,HRS,5
1746,4539,26,Booking.com,8
1747,4544,97,Hotels.com,9
1748,4548,192,Booking.com,14
1749,4549,15,HRS,18
1750,4551,167,HRS,14
1751,4553,58,Hotels.com,13
1752,4554,120,Booking.com,13
1753,4556,26,HRS,14
1754,4557,11,Hotels.com,7
1755,4559,50,Hotels.com,12
1756,4560,144,Expedia,10
1757,4564,219,Booking.com,16
1758,4568,59,Agoda,15
1759,4569,103,Hotels.com,6
1760,4572,30,Agoda,2
1761,4577,145,Hotels.com,1
1762,4583,133,Hotels.com,19
1763,4584,24,Agoda,5
1764,4587,217,HRS,13
1765,4593,161,Booking.com,17
1766,4594,56,Expedia,17
1767,4599,176,Hotels.com,12
1768,4600,79,HRS,17
1769,4601,200,Expedia,10
1770,4603,93,Expedia,17
1771,4606,117,HRS,15
1772,4616,124,Expedia,5
1773,4617,69,Booking.com,12
1774,4622,171,Hotels.com,10
1775,4624,28,Agoda,18
1776,4626,187,Agoda,6
1777,4630,100,Booking.com,1
1778,4634,124,Hotels.com,14
1779,4640,142,Hotels.com,15
1780,4644,12,Booking.com,12
1781,4646,51,Booking.com,9
1782,4649,147,HRS,17
1783,4650,5,Agoda,6
1784,4654,211,Booking.com,5
1785,4655,140,Hotels.com,14
1786,4656,101,Agoda,7
1787,4657,142,HRS,10
1788,4664,132,Agoda,16
1789,4671,155,Booking.com,14
1790,4672,205,Booking.com,7
1791,4673,177,HRS,19
1792,4675,7,Agoda,7
1793,4676,123,Expedia,16
1794,4677,204,Booking.com,13
1795,4680,28,HRS,19
1796,4682,51,Expedia,2
1797,4683,15,Hotels.com,10
1798,4688,84,HRS,2
1799,4689,137,Expedia,8
1800,4691,13,HRS,3
1801,4692,54,Agoda,11
1802,4695,149,Expedia,17
1803,4696,41,Expedia,17
1804,4697,72,Expedia,8
1805,4699,153,Hotels.com,16
1806,4701,209,Expedia,16
1807,4704,100,Agoda,14
1808,4705,186,HRS,10
1809,4709,77,Hotels.com,18
1810,4711,139,HRS,5
1811,4712,24,Booking.com,9
1812,4713,160,Booking.com,12
1813,4717,104,Booking.com,6
1814,4718,129,Hotels.com,9
1815,4719,171,HRS,7
1816,4721,149,Agoda,17
1817,4722,157,HRS,18
1818,4727,139,Expedia,18
1819,4728,172,HRS,3
1820,4729,78,Hotels.com,1
1821,4730,100,Hotels.com,8
1822,4734,173,Booking.com,8
1823,4738,148,Agoda,17
1824,4739,97,Agoda,9
1825,4740,8,Booking.com,5
1826,4743,175,HRS,6
1827,4744,220,Agoda,9
1828,4745,136,Booking.com,16
1829,4749,141,Agoda,1
1830,4752,34,Agoda,3
1831,4753,89,Expedia,8
1832,4754,87,HRS,6
1833,4755,62,Hotels.com,8
1834,4759,129,HRS,17
1835,4761,94,Expedia,18
1836,4764,131,Booking.com,19
1837,4766,199,Booking.com,19
1838,4769,206,Booking.com,4
1839,4773,44,Agoda,8
1840,4774,32,Expedia,4
1841,4778,211,Booking.com,5
1842,4779,166,Expedia,3
1843,4780,167,Agoda,12
1844,4782,73,Expedia,14
1845,4783,118,Expedia,19
1846,4786,86,Expedia,11
1847,4790,215,Booking.com,8
1848,4791,1,Agoda,6
1849,4793,161,HRS,18
1850,4796,88,Booking.com,2
1851,4799,104,Agoda,16
1852,4801,136,Agoda,6
1853,4807,211,Agoda,13
1854,4808,213,Hotels.com,9
1855,4810,120,Expedia,12
1856,4811,162,Booking.com,12
1857,4812,37,Hotels.com,5
1858,4814,174,Expedia,15
1859,4815,200,Agoda,4
1860,4817,40,HRS,1
1861,4818,48,Expedia,12
1862,4820,33,HRS,4
1863,4824,117,Hotels.com,9
1864,4827,145,HRS,18
1865,4828,209,Booking.com,10
1866,4829,171,Hotels.com,19
1867,4833,167,Agoda,4
1868,4837,65,Expedia,18
1869,4839,46,Hotels.com,18
1870,4840,189,HRS,14
1871,4845,131,Agoda,6
1872,4847,218,Booking.com,2
1873,4849,40,Hotels.com,18
1874,4856,123,Agoda,7
1875,4860,187,Booking.com,18
1876,4863,49,Booking.com,1
1877,4865,11,Agoda,1
1878,4867,127,Agoda,4
1879,4869,208,Expedia,11
1880,4874,116,Expedia,15
1881,4875,49,HRS,15
1882,4881,102,Expedia,12
1883,4884,188,Hotels.com,18
1884,4886,102,HRS,3
1885,4888,192,Booking.com,9
1886,4889,28,HRS,10
1887,4894,24,Expedia,16
1888,4897,16,Expedia,8
1889,4902,97,Expedia,10
1890,4907,47,Agoda,16
1891,4910,146,HRS,5
1892,4912,106,HRS,18
1893,4916,173,Expedia,17
1894,4918,147,HRS,10
1895,4922,64,Expedia,15
1896,4924,66,Booking.com,5
1897,4926,167,Booking.com,6
1898,4927,39,HRS,17
1899,4929,28,Hotels.com,5
1900,4932,24,Booking.com,9
1901,4933,93,Hotels.com,3
1902,4934,203,HRS,16
1903,4937,112,Expedia,19
1904,4940,195,Agoda,11
1905,4944,18,Hotels.com,1
1906,4945,186,Hotels.com,13
1907,4947,85,HRS,4
1908,4949,105,Agoda,8
1909,4950,1,Hotels.com,7
1910,4951,117,Expedia,18
1911,4958,145,Hotels.com,13
1912,4966,14,Booking.com,11
1913,4967,40,Expedia,2
1914,4974,70,Agoda,2
1915,4977,90,Booking.com,16
1916,4978,191,HRS,5
1917,4981,31,Expedia,10
1918,4982,167,Booking.com,16
1919,4987,23,Agoda,3
1920,4988,48,Hotels.com,7
1921,4994,156,Agoda,19
1922,4996,3,Agoda,17
1923,5001,35,Expedia,5
1924,5004,130,Hotels.com,13
1925,5006,145,Agoda,4
1926,5008,101,Hotels.com,4
1927,5009,122,Expedia,19
1928,5010,20,Hotels.com,6
1929,5015,153,HRS,2
1930,5022,189,HRS,18
1931,5025,30,Hotels.com,15
1932,5026,15,Booking.com,18
1933,5027,210,Expedia,15
1934,5030,82,Hotels.com,9
1935,5033,211,Expedia,3
1936,5035,52,Hotels.com,13
1937,5037,56,HRS,9
1938,5039,160,Booking.com,8
1939,5040,118,Expedia,11
1940,5041,97,Agoda,17
1941,5043,29,Hotels.com,7
1942,5045,75,Booking.com,8
1943,5046,3,Booking.com,13
1944,5047,3,Hotels.com,4
1945,5051,77,HRS,15
1946,5055,133,Expedia,12
1947,5058,6,HRS,18
1948,5061,219,Booking.com,5
1949,5062,205,Expedia,6
1950,5063,47,Hotels.com,16
1951,5066,148,Expedia,19
1952,5072,60,Booking.com,17
1953,5075,99,Expedia,14
1954,5077,43,HRS,12
1955,5078,101,Booking.com,18
1956,5082,43,Expedia,17
1957,5084,209,Booking.com,16
1958,5085,165,Expedia,17
1959,5087,153,Expedia,12
1960,5089,198,Expedia,8
1961,5091,46,Booking.com,2
1962,5092,74,Hotels.com,6
1963,5099,196,Agoda,13
1964,5111,84,Agoda,7
1965,5114,188,Agoda,13
1966,5116,24,Booking.com,2
1967,5118,143,HRS,15
1968,5120,66,Expedia,16
1969,5121,48,Expedia,4
1970,5122,216,Booking.com,9
1971,5125,16,Hotels.com,9
1972,5127,189,Hotels.com,7
1973,5129,53,Expedia,5
1974,5135,178,Hotels.com,10
1975,5139,158,HRS,5
1976,5140,56,HRS,16
1977,5143,138,Agoda,4
1978,5144,117,Hotels.com,13
1979,5146,141,Agoda,15
1980,5150,157,Expedia,14
1981,5153,219,Expedia,7
1982,5157,68,Booking.com,3
1983,5158,29,Expedia,6
1984,5159,93,HRS,13
1985,5164,149,Booking.com,10
1986,5165,57,Expedia,19
1987,5167,158,Expedia,17
1988,5170,206,Expedia,19
1989,5172,158,Expedia,18
1990,5175,215,Expedia,7
1991,5180,104,HRS,8
1992,5181,95,HRS,17
1993,5182,152,Booking.com,5
1994,5185,187,Booking.com,3
1995,5186,38,Expedia,12
1996,5187,159,Booking.com,6
1997,5189,158,Agoda,14
1998,5190,64,HRS,18
1999,5191,18,HRS,7
2000,5197,97,Expedia,19
2001,5204,173,Booking.com,7
2002,5205,11,HRS,2
2003,5206,39,Expedia,11
2004,5208,163,Agoda,9
2005,5212,78,HRS,18
2006,5214,169,Hotels.com,5
2007,5215,216,HRS,2
2008,5217,91,Booking.com,12
2009,5220,163,Expedia,12
2010,5225,212,Hotels.com,8
2011,5226,212,Hotels.com,16
2012,5230,28,Expedia,8
2013,5232,14,Expedia,16
2014,5234,182,Hotels.com,12
2015,5238,74,Expedia,16
2016,5239,213,Hotels.com,3
2017,5241,177,Agoda,19
2018,5242,63,HRS,3
2019,5243,171,Expedia,4
2020,5249,19,Expedia,6
2021,5259,23,Booking.com,11
2022,5263,135,Hotels.com,11
2023,5265,197,Agoda,4
2024,5268,52,Agoda,14
2025,5272,73,Expedia,7
2026,5274,2,Expedia,11
2027,5277,91,Expedia,1
2028,5280,105,Booking.com,17
2029,5281,159,Expedia,11
2030,5282,22,HRS,5
2031,5283,104,Hotels.com,9
2032,5287,204,HRS,16
2033,5292,118,Booking.com,11
2034,5293,14,Expedia,2
2035,5294,6,HRS,14
2036,5296,4,Hotels.com,4
2037,5301,147,HRS,1
2038,5305,29,Agoda,7
2039,5308,90,Agoda,18
2040,5311,54,HRS,18
2041,5315,78,HRS,12
2042,5321,187,Agoda,19
2043,5325,158,Booking.com,12
2044,5326,117,Agoda,19
2045,5327,129,HRS,14
2046,5328,171,Agoda,17
2047,5329,57,Agoda,16
2048,5330,181,Agoda,8
2049,5331,90,Agoda,10
2050,5334,193,Agoda,4
2051,5337,23,Expedia,17
2052,5339,17,Expedia,17
2053,5346,28,Agoda,3
2054,5350,31,Expedia,9
2055,5353,153,Agoda,19
2056,5355,19,Agoda,8
2057,5356,53,Agoda,9
2058,5358,204,Booking.com,14
2059,5362,103,Hotels.com,8
2060,5363,118,Booking.com,11
2061,5364,104,HRS,18
2062,5368,182,Expedia,10
2063,5369,32,HRS,5
2064,5375,2,Booking.com,18
2065,5378,171,Hotels.com,5
2066,5384,38,HRS,13
2067,5386,45,Booking.com,7
2068,5387,120,HRS,4
2069,5388,136,Booking.com,18
2070,5389,154,Hotels.com,7
2071,5390,158,Booking.com,16
2072,5392,167,HRS,18
2073,5394,186,Agoda,12
2074,5395,211,HRS,6
2075,5396,212,Agoda,15
2076,5397,49,Agoda,13
2077,5398,176,Booking.com,14
2078,5399,212,HRS,3
2079,5404,173,Agoda,7
2080,5410,154,Agoda,14
2081,5411,80,Hotels.com,2
2082,5412,11,Expedia,14
2083,5413,128,Booking.com,11
2084,5416,168,Expedia,5
2085,5419,125,Expedia,5
2086,5422,71,HRS,9
2087,5423,110,Agoda,4
2088,5425,122,HRS,5
2089,5427,118,Agoda,16
2090,5428,47,Expedia,15
2091,5429,21,Booking.com,17
2092,5430,182,Expedia,4
2093,5431,115,Hotels.com,18
2094,5437,164,Hotels.com,7
2095,5438,56,Agoda,12
2096,5439,24,HRS,8
2097,5440,109,Hotels.com,11
2098,5445,163,Hotels.com,19
2099,5451,193,Booking.com,14
2100,5452,150,Expedia,1
2101,5459,89,HRS,7
2102,5462,209,Expedia,13
2103,5464,140,HRS,15
2104,5473,118,Hotels.com,18
2105,5476,131,HRS,4
2106,5482,97,HRS,1
2107,5484,155,HRS,7
2108,5488,174,Hotels.com,16
2109,5492,99,HRS,13
2110,5497,136,Hotels.com,4
2111,5501,143,Agoda,14
2112,5505,106,Expedia,14
2113,5507,67,Booking.com,4
2114,5511,197,HRS,17
2115,5514,113,Booking.com,8
2116,5515,128,Booking.com,16
2117,5523,58,Agoda,15
2118,5524,24,Booking.com,1
2119,5526,161,Agoda,13
2120,5534,201,Booking.com,5
2121,5540,101,Expedia,15
2122,5544,39,HRS,17
2123,5547,43,HRS,11
2124,5549,58,Hotels.com,7
2125,5553,101,Agoda,1
2126,5554,34,Hotels.com,19
2127,5560,143,Agoda,3
2128,5561,142,HRS,1
2129,5563,189,Hotels.com,13
2130,5567,16,Booking.com,8
2131,5572,165,Expedia,3
2132,5573,35,Agoda,10
2133,5577,92,Expedia,18
2134,5578,157,Booking.com,5
2135,5580,27,Expedia,1
2136,5582,50,Hotels.com,8
2137,5583,129,HRS,5
2138,5584,198,Hotels.com,8
2139,5585,188,Hotels.com,8
2140,5590,163,Agoda,3
2141,5593,122,Booking.com,11
2142,5594,187,Agoda,5
2143,5595,128,Hotels.com,12
2144,5598,83,Agoda,10
2145,5599,122,Agoda,3
2146,5600,113,Booking.com,17
2147,5602,199,Expedia,16
2148,5604,178,Agoda,14
2149,5606,165,Expedia,11
2150,5608,173,HRS,2
2151,5611,63,Agoda,15
2152,5612,78,Booking.com,3
2153,5613,151,Booking.com,8
2154,5616,75,Agoda,2
2155,5618,143,HRS,17
2156,5619,199,HRS,7
2157,5622,14,Booking.com,16
2158,5625,161,Hotels.com,17
2159,5630,151,Booking.com,16
2160,5631,168,HRS,17
2161,5632,200,Booking.com,13
2162,5634,22,Hotels.com,1
2163,5639,137,Hotels.com,7
2164,5642,105,Expedia,11
2165,5647,94,Expedia,8
2166,5650,103,Booking.com,15
2167,5652,25,Hotels.com,7
2168,5654,92,Expedia,5
2169,5656,184,Hotels.com,14
2170,5662,172,Hotels.com,11
2171,5665,35,HRS,8
2172,5671,55,Booking.com,11
2173,5676,173,Agoda,18
2174,5678,58,Agoda,18
2175,5679,113,Expedia,4
2176,5680,80,Agoda,13
2177,5689,127,HRS,19
2178,5690,31,Hotels.com,9
2179,5698,96,Hotels.com,1
2180,5700,60,HRS,12
2181,5702,40,Expedia,1
2182,5705,41,Booking.com,10
2183,5708,113,Booking.com,5
2184,5711,217,HRS,16
2185,5712,46,Expedia,12
2186,5714,22,Expedia,17
2187,5717,3,Agoda,16
2188,5719,158,HRS,13
2189,5722,143,Expedia,18
2190,5723,4,Expedia,5
2191,5724,194,Booking.com,5
2192,5726,4,Agoda,19
2193,5727,11,Booking.com,15
2194,5728,4,HRS,15
2195,5729,69,HRS,4
2196,5730,105,Expedia,12
2197,5733,211,Booking.com,2
2198,5735,144,Booking.com,10
2199,5737,29,Hotels.com,12
2200,5743,115,Agoda,15
2201,5744,113,Expedia,4
2202,5747,129,Booking.com,4
2203,5748,73,HRS,9
2204,5749,136,HRS,17
2205,5765,156,Booking.com,11
2206,5768,81,Agoda,18
2207,5769,125,HRS,16
2208,5771,85,HRS,17
2209,5773,91,Booking.com,12
2210,5778,3,HRS,3
2211,5780,56,Agoda,13
2212,5781,129,HRS,13
2213,5786,22,HRS,4
2214,5789,91,Hotels.com,13
2215,5792,115,HRS,7
2216,5793,121,HRS,5
2217,5794,50,Booking.com,14
2218,5801,108,HRS,5
2219,5802,108,Booking.com,8
2220,5805,209,Expedia,2
2221,5814,35,HRS,6
2222,5818,173,Hotels.com,15
2223,5827,162,Agoda,15
2224,5839,34,HRS,10
2225,5842,103,Booking.com,7
2226,5843,84,Expedia,6
2227,5847,97,Expedia,15
2228,5850,145,Expedia,2
2229,5855,95,HRS,12
2230,5858,153,Expedia,9
2231,5866,187,HRS,7
2232,5869,168,Booking.com,11
2233,5870,145,Agoda,9
2234,5872,188,Booking.com,9
2235,5875,100,Expedia,4
2236,5877,6,Agoda,7
2237,5882,69,Hotels.com,13
2238,5886,34,Expedia,15
2239,5893,60,HRS,10
2240,5894,161,Agoda,13
2241,5896,19,Hotels.com,8
2242,5902,167,Booking.com,9
2243,5905,173,HRS,18
2244,5910,88,HRS,1
2245,5911,170,HRS,5
2246,5912,166,Booking.com,14
2247,5915,29,Hotels.com,10
2248,5916,115,HRS,10
2249,5918,95,Booking.com,19
2250,5920,134,Hotels.com,10
2251,5921,199,Hotels.com,4
2252,5922,218,Expedia,1
2253,5926,103,Hotels.com,14
2254,5929,217,Agoda,15
2255,5934,22,HRS,11
2256,5935,76,HRS,14
2257,5937,14,HRS,6
2258,5939,178,Booking.com,2
2259,5943,209,HRS,13
2260,5944,218,HRS,18
2261,5945,31,Hotels.com,17
2262,5946,147,HRS,16
2263,5947,18,Booking.com,9
2264,5949,204,HRS,9
2265,5951,204,Hotels.com,11
2266,5953,188,HRS,17
2267,5957,220,Agoda,2
2268,5961,99,Expedia,3
2269,5962,15,HRS,13
2270,5963,71,Agoda,2
2271,5965,184,Expedia,3
2272,5966,53,Agoda,3
2273,5978,41,Booking.com,6
2274,5982,124,Agoda,7
2275,5983,184,Booking.com,15
2276,5984,218,Expedia,3
2277,5986,160,Booking.com,5
2278,5989,100,HRS,1
2279,5990,32,Booking.com,1
2280,5995,59,Hotels.com,14
2281,5996,209,Expedia,11
2282,5999,173,Expedia,10
2283,6001,23,Agoda,14
2284,6005,157,Booking.com,9
2285,6006,149,HRS,19
2286,6007,4,Booking.com,10
2287,6010,171,Expedia,3
2288,6013,37,Agoda,19
2289,6015,43,Agoda,10
2290,6016,116,Booking.com,3
2291,6017,203,HRS,15
2292,6018,11,Expedia,2
2293,6019,75,Agoda,9
2294,6022,20,Agoda,11
2295,6025,89,Booking.com,8
2296,6026,173,Hotels.com,5
2297,6029,183,HRS,18
2298,6031,114,Agoda,8
2299,6032,108,Hotels.com,3
2300,6034,35,Expedia,1
2301,6035,118,Expedia,1
2302,6040,31,Booking.com,4
2303,6046,60,Agoda,11
2304,6049,100,Expedia,17
2305,6050,176,HRS,9
2306,6056,80,Hotels.com,17
2307,6057,116,Booking.com,16
2308,6062,100,Hotels.com,10
2309,6063,9,Agoda,10
2310,6064,95,Agoda,5
2311,6065,169,Agoda,19
2312,6066,61,HRS,10
2313,6067,171,Hotels.com,18
2314,6071,10,HRS,9
2315,6072,42,HRS,14
2316,6074,184,HRS,17
2317,6075,145,Hotels.com,11
2318,6076,172,Booking.com,5
2319,6081,6,Expedia,10
2320,6083,84,HRS,8
2321,6092,123,Expedia,19
2322,6093,181,Booking.com,4
2323,6099,94,Booking.com,12
2324,6105,101,Expedia,6
2325,6107,183,Booking.com,9
2326,6108,28,HRS,8
2327,6111,74,Booking.com,18
2328,6112,197,Booking.com,9
2329,6115,169,Hotels.com,15
2330,6118,190,Agoda,13
2331,6121,131,HRS,3
2332,6122,107,Hotels.com,4
2333,6123,191,HRS,8
2334,6124,153,Hotels.com,15
2335,6127,199,Hotels.com,8
2336,6128,202,HRS,11
2337,6130,79,Expedia,6
2338,6131,122,HRS,4
2339,6135,151,Expedia,8
2340,6137,152,Hotels.com,4
2341,6140,74,Expedia,7
2342,6141,43,Expedia,10
2343,6144,209,Agoda,5
2344,6145,158,HRS,5
2345,6149,65,Hotels.com,17
2346,6153,77,Booking.com,15
2347,6156,211,Booking.com,19
2348,6159,21,HRS,17
2349,6161,78,Agoda,9
2350,6165,212,Agoda,10
2351,6166,122,Hotels.com,16
2352,6167,203,Agoda,12
2353,6168,212,Hotels.com,10
2354,6173,47,Booking.com,17
2355,6174,173,Booking.com,15
2356,6177,200,Expedia,19
2357,6178,185,Agoda,11
2358,6179,131,Agoda,4
2359,6180,59,Hotels.com,2
2360,6182,142,Expedia,9
2361,6183,162,Expedia,14
2362,6186,193,Expedia,12
2363,6188,200,Agoda,12
2364,6189,65,Hotels.com,4
2365,6192,44,Booking.com,7
2366,6193,1,HRS,7
2367,6194,157,Agoda,6
2368,6198,187,Agoda,12
2369,6204,219,Hotels.com,9
2370,6207,67,Agoda,10
2371,6211,61,HRS,11
2372,6212,140,Booking.com,15
2373,6215,194,Expedia,5
2374,6216,162,Agoda,7
2375,6217,86,Hotels.com,17
2376,6221,51,Booking.com,1
2377,6222,154,Expedia,8
2378,6225,155,Agoda,3
2379,6227,208,Booking.com,10
2380,6234,4,Agoda,5
2381,6236,119,Agoda,6
2382,6238,203,Booking.com,4
2383,6239,32,Booking.com,15
2384,6243,115,Agoda,19
2385,6244,114,Booking.com,3
2386,6247,3,Agoda,7
2387,6251,56,HRS,10
2388,6260,111,Booking.com,2
2389,6263,5,Hotels.com,7
2390,6264,163,Hotels.com,11
2391,6265,90,Agoda,15
2392,6266,43,Agoda,3
2393,6267,154,Agoda,9
2394,6269,56,HRS,5
2395,6270,16,HRS,2
2396,6273,97,Agoda,7
2397,6275,104,Hotels.com,11
2398,6277,220,HRS,17
2399,6278,136,Booking.com,12
2400,6279,173,Expedia,7
2401,6282,31,Hotels.com,18
2402,6284,215,HRS,9
2403,6285,182,Agoda,19
2404,6288,16,Agoda,11
2405,6293,118,Booking.com,9
2406,6294,136,HRS,2
2407,6298,21,Agoda,5
2408,6299,175,Hotels.com,10
2409,6300,33,Booking.com,15
2410,6301,211,Hotels.com,7
2411,6302,173,Hotels.com,15
2412,6307,158,Booking.com,3
2413,6308,108,Expedia,5
2414,6309,152,HRS,2
2415,6310,60,HRS,11
2416,6313,132,Booking.com,12
2417,6314,82,Booking.com,18
2418,6318,139,Expedia,11
2419,6322,129,Hotels.com,17
2420,6325,190,HRS,8
2421,6329,68,Booking.com,17
2422,6330,7,Hotels.com,9
2423,6331,112,Agoda,3
2424,6334,51,Expedia,14
2425,6336,111,Hotels.com,13
2426,6339,137,Booking.com,15
2427,6341,28,Booking.com,15
2428,6347,126,Expedia,13
2429,6349,84,Expedia,4
2430,6351,62,Booking.com,11
2431,6357,56,Booking.com,7
2432,6360,161,Hotels.com,16
2433,6371,123,Booking.com,9
2434,6376,186,Booking.com,6
2435,6377,135,HRS,7
2436,6381,162,Booking.com,2
2437,6382,31,Expedia,8
2438,6384,159,Expedia,6
2439,6391,7,Hotels.com,12
2440,6397,140,Booking.com,3
2441,6398,52,HRS,14
2442,6399,55,Agoda,15
2443,6400,56,Hotels.com,15
2444,6401,30,Booking.com,17
2445,6402,94,Expedia,4
2446,6409,178,Hotels.com,14
2447,6410,130,Booking.com,16
2448,6411,142,Agoda,12
2449,6412,203,Expedia,19
2450,6415,79,Booking.com,12
2451,6416,184,Agoda,3
2452,6421,37,Expedia,6
2453,6426,83,Agoda,16
2454,6427,51,Expedia,7
2455,6428,95,Agoda,17
2456,6429,180,Agoda,15
2457,6432,17,Expedia,6
2458,6433,210,Booking.com,9
2459,6437,64,HRS,8
2460,6438,97,HRS,9
2461,6443,185,Agoda,2
2462,6450,205,Booking.com,12
2463,6454,92,Hotels.com,4
2464,6457,43,Booking.com,3
2465,6459,187,Expedia,12
2466,6460,202,Hotels.com,15
2467,6463,166,HRS,3
2468,6471,61,Expedia,8
2469,6472,149,Expedia,4
2470,6483,211,Hotels.com,5
2471,6485,2,Expedia,18
2472,6492,88,HRS,2
2473,6493,13,Hotels.com,14
2474,6496,83,HRS,2
2475,6498,166,Expedia,17
2476,6505,68,Hotels.com,6
2477,6509,175,Expedia,16
2478,6510,150,Expedia,12
2479,6515,19,Hotels.com,12
2480,6518,97,Agoda,1
2481,6521,11,Booking.com,11
2482,6523,174,Booking.com,2
2483,6525,104,Hotels.com,8
2484,6527,153,Agoda,6
2485,6531,175,Booking.com,15
2486,6532,21,Booking.com,15
2487,6534,188,Expedia,9
2488,6536,89,Agoda,17
2489,6537,101,Agoda,6
2490,6545,33,Expedia,10
2491,6547,207,Agoda,17
2492,6549,43,Expedia,11
2493,6552,95,Booking.com,10
2494,6553,40,Booking.com,12
2495,6554,84,HRS,15
2496,6556,35,Agoda,19
2497,6559,185,Expedia,15
2498,6563,72,Booking.com,11
2499,6565,114,Booking.com,4
2500,6566,151,Expedia,9
2501,6569,27,Expedia,13
2502,6571,88,Booking.com,12
2503,6572,189,HRS,16
2504,6574,195,Booking.com,7
2505,6578,146,Agoda,12
2506,6579,124,Booking.com,1
2507,6584,92,Expedia,1
2508,6590,196,Agoda,19
2509,6591,96,Hotels.com,15
2510,6594,207,Expedia,9
2511,6599,102,Booking.com,10
2512,6600,184,Booking.com,6
2513,6607,156,Hotels.com,10
2514,6608,106,Agoda,16
2515,6609,81,Hotels.com,9
2516,6610,151,Hotels.com,11
2517,6611,4,Hotels.com,15
2518,6612,156,HRS,11
2519,6615,129,Booking.com,18
2520,6616,20,Hotels.com,11
2521,6618,57,Hotels.com,11
2522,6619,152,HRS,18
2523,6628,87,Expedia,16
2524,6635,48,HRS,7
2525,6636,202,HRS,10
2526,6640,18,Expedia,15
2527,6641,199,Expedia,9
2528,6642,86,Expedia,14
2529,6643,6,Agoda,11
2530,6646,102,Agoda,15
2531,6648,137,Agoda,1
2532,6649,93,HRS,3
2533,6650,24,Hotels.com,4
2534,6651,207,Expedia,9
2535,6652,1,Expedia,19
2536,6654,94,Agoda,8
2537,6659,98,Hotels.com,8
2538,6664,89,Booking.com,7
2539,6671,201,Hotels.com,8
2540,6672,218,Agoda,2
2541,6677,220,Hotels.com,11
2542,6679,115,HRS,18
2543,6680,65,Booking.com,7
2544,6681,124,Expedia,15
2545,6685,100,Expedia,7
2546,6686,187,Agoda,13
2547,6687,20,Agoda,1
2548,6688,30,Booking.com,7
2549,6690,129,Agoda,5
2550,6691,216,Agoda,9
2551,6693,20,HRS,18
2552,6695,105,HRS,1
2553,6697,57,HRS,6
2554,6699,174,Booking.com,4
2555,6700,67,HRS,3
2556,6701,132,Booking.com,5
2557,6702,33,Booking.com,1
2558,6703,43,Hotels.com,19
2559,6707,191,Agoda,9
2560,6708,16,HRS,18
2561,6711,196,Booking.com,3
2562,6713,161,HRS,8
2563,6715,57,Booking.com,10
2564,6718,125,HRS,8
2565,6722,89,Hotels.com,12
2566,6734,85,Expedia,14
2567,6735,155,Hotels.com,4
2568,6737,193,Expedia,5
2569,6738,68,HRS,2
2570,6739,4,Agoda,17
2571,6741,54,HRS,15
2572,6742,171,Booking.com,15
2573,6744,209,Hotels.com,14
2574,6745,111,Hotels.com,1
2575,6747,162,HRS,19
2576,6750,131,Agoda,10
2577,6752,139,Agoda,1
2578,6753,61,Booking.com,13
2579,6754,14,HRS,12
2580,6755,158,Hotels.com,18
2581,6756,93,Expedia,9
2582,6757,7,HRS,1
2583,6759,106,Hotels.com,4
2584,6763,165,Booking.com,19
2585,6765,212,HRS,16
2586,6767,15,Expedia,1
2587,6771,37,Expedia,4
2588,6775,170,HRS,10
2589,6780,49,Expedia,4
2590,6782,104,Agoda,3
2591,6783,113,Booking.com,19
2592,6786,8,Expedia,17
2593,6787,209,Expedia,6
2594,6791,219,HRS,18
2595,6792,70,Expedia,7
2596,6796,71,Hotels.com,12
2597,6799,52,Booking.com,4
2598,6800,50,Agoda,1
2599,6802,171,HRS,19
2600,6803,161,Agoda,11
2601,6806,48,Hotels.com,18
2602,6809,112,Agoda,10
2603,6813,78,Hotels.com,12
2604,6814,69,Expedia,12
2605,6817,112,Agoda,11
2606,6821,58,HRS,18
2607,6823,46,Hotels.com,13
2608,6824,27,Booking.com,14
2609,6827,92,Expedia,16
2610,6830,94,Expedia,9
2611,6831,157,Expedia,11
2612,6833,26,Expedia,3
2613,6835,33,HRS,18
2614,6839,201,Hotels.com,9
2615,6844,2,Expedia,6
2616,6848,24,Agoda,3
2617,6852,97,Booking.com,2
2618,6853,194,HRS,18
2619,6854,143,Booking.com,12
2620,6858,121,Booking.com,5
2621,6859,192,Expedia,9
2622,6863,163,Agoda,12
2623,6864,140,Expedia,1
2624,6870,130,Hotels.com,16
2625,6871,155,Booking.com,6
2626,6872,130,Agoda,7
2627,6873,42,Booking.com,11
2628,6876,87,Booking.com,10
2629,6877,169,Booking.com,9
2630,6878,69,HRS,17
2631,6881,170,Expedia,5
2632,6883,62,Agoda,14
2633,6885,85,Hotels.com,1
2634,6886,59,HRS,7
2635,6891,121,Expedia,19
2636,6892,83,Hotels.com,16
2637,6894,104,Expedia,13
2638,6896,135,Hotels.com,8
2639,6902,149,Hotels.com,8
2640,6903,74,Booking.com,18
2641,6905,201,Agoda,8
2642,6906,153,Hotels.com,15
2643,6907,216,Booking.com,18
2644,6913,129,Expedia,8
2645,6914,110,Booking.com,7
2646,6915,25,HRS,5
2647,6916,6,Booking.com,7
2648,6917,113,HRS,9
2649,6918,52,HRS,11
2650,6921,113,Hotels.com,17
2651,6923,162,Agoda,7
2652,6928,114,Expedia,3
2653,6930,186,HRS,4
2654,6935,92,Agoda,15
2655,6937,168,HRS,10
2656,6940,12,Hotels.com,2
2657,6941,98,Expedia,14
2658,6942,161,Expedia,11
2659,6943,166,Booking.com,5
2660,6949,190,HRS,11
2661,6950,68,Hotels.com,9
2662,6952,206,HRS,13
2663,6953,43,Hotels.com,1
2664,6957,2,HRS,19
2665,6958,207,Expedia,13
2666,6959,33,Agoda,13
2667,6964,143,Booking.com,5
2668,6965,19,Agoda,18
2669,6980,212,Booking.com,13
2670,6981,206,HRS,16
2671,6984,37,Agoda,17
2672,6990,2,HRS,4
2673,6994,84,HRS,16
2674,6999,104,Booking.com,1
2675,7002,204,HRS,3
2676,7004,2,Expedia,15
2677,7015,170,HRS,17
2678,7016,56,Booking.com,13
2679,7019,32,Hotels.com,9
2680,7021,25,Booking.com,14
2681,7022,202,Hotels.com,2
2682,7031,49,HRS,1
2683,7034,2,Expedia,14
2684,7037,130,Booking.com,18
2685,7041,98,Agoda,6
2686,7044,86,Agoda,6
2687,7047,164,Agoda,16
2688,7049,29,HRS,4
2689,7052,149,Agoda,11
2690,7054,211,Hotels.com,12
2691,7055,126,HRS,3
2692,7056,216,Booking.com,17
2693,7057,16,HRS,18
2694,7058,153,Booking.com,14
2695,7059,144,Expedia,1
2696,7062,115,Booking.com,16
2697,7063,96,Booking.com,16
2698,7066,27,Hotels.com,8
2699,7068,158,Booking.com,14
2700,7072,182,Expedia,11
2701,7081,104,Agoda,3
2702,7082,178,Booking.com,18
2703,7084,155,Booking.com,6
2704,7092,100,Expedia,9
2705,7093,103,HRS,1
2706,7096,204,Agoda,15
2707,7098,164,Hotels.com,5
2708,7102,218,HRS,10
2709,7105,76,Agoda,7
2710,7107,65,Agoda,19
2711,7108,42,Expedia,17
2712,7115,22,Expedia,7
2713,7116,88,Agoda,8
2714,7118,59,Booking.com,6
2715,7120,14,Expedia,19
2716,7122,46,Booking.com,2
2717,7123,130,Hotels.com,17
2718,7124,68,Agoda,9
2719,7126,93,Hotels.com,6
2720,7127,35,Agoda,4
2721,7128,29,HRS,1
2722,7133,10,Expedia,5
2723,7134,66,Booking.com,7
2724,7140,41,Agoda,2
2725,7143,136,HRS,17
2726,7147,189,Booking.com,2
2727,7148,13,Agoda,16
2728,7149,122,Hotels.com,19
2729,7151,177,Expedia,6
2730,7155,27,Booking.com,18
2731,7156,72,Expedia,11
2732,7164,134,Hotels.com,14
2733,7167,50,Booking.com,8
2734,7168,196,Hotels.com,4
2735,7172,158,Agoda,3
2736,7174,173,Hotels.com,8
2737,7178,1,Agoda,1
2738,7180,44,Agoda,5
2739,7182,219,HRS,1
2740,7184,18,HRS,5
2741,7186,69,Hotels.com,11
2742,7187,4,Agoda,8
2743,7188,70,Booking.com,14
2744,7192,196,HRS,16
2745,7196,123,Expedia,4
2746,7198,101,Booking.com,14
2747,7201,30,Hotels.com,3
2748,7202,133,Hotels.com,13
2749,7203,7,HRS,4
2750,7205,148,HRS,11
2751,7207,70,Booking.com,17
2752,7211,160,Expedia,7
2753,7212,219,Expedia,11
2754,7213,158,Expedia,12
2755,7220,35,Expedia,11
2756,7221,83,Expedia,18
2757,7223,106,Hotels.com,14
2758,7224,155,Agoda,19
2759,7225,141,HRS,10
2760,7226,66,Agoda,2
2761,7230,87,Booking.com,11
2762,7236,58,Agoda,6
2763,7239,120,Hotels.com,8
2764,7244,5,Expedia,13
2765,7250,164,Hotels.com,9
2766,7251,216,Expedia,2
2767,7252,202,Booking.com,2
2768,7253,105,HRS,2
2769,7255,112,Expedia,15
2770,7256,88,Hotels.com,11
2771,7258,10,HRS,18
2772,7261,188,Agoda,15
2773,7266,109,Agoda,14
2774,7272,145,Booking.com,8
2775,7275,218,HRS,12
2776,7279,46,Booking.com,13
2777,7281,43,Expedia,4
2778,7284,173,Hotels.com,7
2779,7293,27,Agoda,9
2780,7295,93,Agoda,5
2781,7296,165,Agoda,5
2782,7297,42,Agoda,12
2783,7306,13,Booking.com,19
2784,7307,181,HRS,15
2785,7308,175,HRS,5
2786,7311,192,Expedia,13
2787,7314,69,Hotels.com,19
2788,7319,140,Agoda,6
2789,7321,154,Hotels.com,11
2790,7325,153,HRS,18
2791,7326,171,Hotels.com,5
2792,7327,193,HRS,18
2793,7328,177,HRS,9
2794,7332,104,Agoda,11
2795,7333,91,HRS,4
2796,7335,145,Agoda,4
2797,7336,15,Agoda,1
2798,7337,144,HRS,12
2799,7342,58,Hotels.com,12
2800,7346,190,HRS,10
2801,7348,144,Expedia,2
2802,7354,138,Agoda,10
2803,7355,72,Hotels.com,17
2804,7365,80,Agoda,11
2805,7367,154,Expedia,5
2806,7368,40,Booking.com,16
2807,7371,125,Hotels.com,4
2808,7372,214,Expedia,10
2809,7376,10,Booking.com,12
2810,7377,1,Expedia,9
2811,7378,132,Hotels.com,2
2812,7379,55,Agoda,16
2813,7381,11,Booking.com,6
2814,7383,199,Booking.com,2
2815,7385,92,Agoda,8
2816,7386,209,HRS,12
2817,7390,96,Hotels.com,11
2818,7391,21,Booking.com,14
2819,7394,161,Expedia,6
2820,7406,152,Agoda,5
2821,7408,176,Agoda,9
2822,7411,201,Hotels.com,19
2823,7413,2,Hotels.com,1
2824,7416,149,Expedia,12
2825,7417,38,HRS,12
2826,7419,116,Booking.com,14
2827,7423,160,Expedia,11
2828,7425,149,Hotels.com,18
2829,7433,132,Hotels.com,4
2830,7437,29,Agoda,19
2831,7439,84,Hotels.com,1
2832,7440,164,Agoda,1
2833,7442,174,HRS,17
2834,7445,89,Hotels.com,2
2835,7447,7,Expedia,3
2836,7449,34,HRS,3
2837,7454,211,HRS,14
2838,7456,208,Agoda,18
2839,7459,132,Agoda,2
2840,7460,111,Expedia,16
2841,7462,177,HRS,10
2842,7463,14,Hotels.com,6
2843,7467,174,Hotels.com,13
2844,7472,29,Booking.com,9
2845,7475,25,Expedia,17
2846,7478,24,Expedia,4
2847,7485,165,Booking.com,19
2848,7487,34,Hotels.com,18
2849,7491,66,Hotels.com,14
2850,7492,30,Booking.com,7
2851,7493,136,HRS,3
2852,7497,154,Expedia,1
2853,7499,168,Expedia,6
2854,7500,131,HRS,1
2855,7503,65,Expedia,9
2856,7504,23,Agoda,13
2857,7507,39,HRS,6
2858,7509,218,HRS,8
2859,7515,81,Agoda,11
2860,7517,57,Agoda,11
2861,7520,132,Booking.com,4
2862,7525,177,Expedia,6
2863,7526,132,Hotels.com,11
2864,7527,158,HRS,8
2865,7529,210,Hotels.com,16
2866,7533,21,Expedia,3
2867,7534,165,Hotels.com,8
2868,7535,142,Agoda,9
2869,7538,65,Agoda,17
2870,7540,18,Expedia,14
2871,7542,47,Booking.com,10
2872,7543,186,HRS,1
2873,7544,163,Agoda,14
2874,7554,82,HRS,2
2875,7556,74,Booking.com,11
2876,7561,89,Expedia,10
2877,7565,161,Hotels.com,17
2878,7566,32,Hotels.com,15
2879,7567,32,Hotels.com,14
2880,7571,75,Booking.com,1
2881,7572,149,Agoda,2
2882,7573,57,HRS,13
2883,7574,183,HRS,19
2884,7577,35,Agoda,14
2885,7578,135,Expedia,17
2886,7580,47,Agoda,19
2887,7584,148,Hotels.com,12
2888,7585,117,Agoda,18
2889,7586,19,Hotels.com,17
2890,7593,85,HRS,3
2891,7595,114,HRS,6
2892,7596,87,Hotels.com,4
2893,7599,220,Hotels.com,12
2894,7600,191,Agoda,5
2895,7602,85,Booking.com,17
2896,7605,198,Expedia,13
2897,7607,119,Hotels.com,12
2898,7610,84,Booking.com,9
2899,7613,199,HRS,4
2900,7614,208,Expedia,13
2901,7617,106,HRS,19
2902,7620,169,Hotels.com,17
2903,7621,195,Agoda,15
2904,7630,45,Booking.com,13
2905,7633,73,Expedia,4
2906,7634,163,Booking.com,10
2907,7635,49,HRS,6
2908,7637,109,Hotels.com,7
2909,7641,177,HRS,5
2910,7642,70,Expedia,14
2911,7644,174,Expedia,14
2912,7646,116,Hotels.com,6
2913,7648,100,Expedia,18
2914,7649,70,Booking.com,11
2915,7652,58,Agoda,11
2916,7656,116,Agoda,10
2917,7657,83,Agoda,11
2918,7659,125,Agoda,7
2919,7661,92,Expedia,8
2920,7664,176,Agoda,8
2921,7665,219,Booking.com,9
2922,7667,191,Agoda,5
2923,7672,178,Expedia,18
2924,7673,95,Hotels.com,18
2925,7675,18,Booking.com,9
2926,7680,46,Expedia,4
2927,7682,83,HRS,17
2928,7683,179,HRS,6
2929,7684,78,Expedia,17
2930,7688,47,Agoda,8
2931,7692,19,Hotels.com,12
2932,7696,20,Hotels.com,3
2933,7701,57,Expedia,9
2934,7703,5,HRS,11
2935,7706,188,Booking.com,3
2936,7709,102,Hotels.com,12
2937,7711,145,HRS,16
2938,7712,107,Expedia,4
2939,7714,10,Expedia,17
2940,7717,151,HRS,18
2941,7718,187,HRS,6
2942,7723,44,Booking.com,2
2943,7724,196,Booking.com,13
2944,7725,198,Hotels.com,8
2945,7727,50,Agoda,11
2946,7728,217,Hotels.com,18
2947,7729,19,Agoda,11
2948,7730,211,Booking.com,10
2949,7736,178,Expedia,11
2950,7737,190,HRS,19
2951,7738,44,Agoda,10
2952,7740,87,Hotels.com,2
2953,7741,201,Agoda,17
2954,7744,97,Booking.com,19
2955,7748,182,Hotels.com,5
2956,7749,41,Booking.com,1
2957,7753,26,HRS,11
2958,7754,69,Hotels.com,7
2959,7760,73,HRS,19
2960,7761,117,HRS,18
2961,7762,37,Expedia,19
2962,7768,82,HRS,8
2963,7769,73,Booking.com,9
2964,7777,121,Expedia,13
2965,7779,26,Expedia,2
2966,7780,176,Hotels.com,15
2967,7781,208,HRS,7
2968,7783,196,HRS,2
2969,7784,151,Agoda,12
2970,7788,142,Booking.com,15
2971,7789,192,Hotels.com,10
2972,7793,101,Expedia,2
2973,7794,82,HRS,1
2974,7795,145,HRS,11
2975,7796,205,Booking.com,4
2976,7798,53,Expedia,11
2977,7804,65,Booking.com,10
2978,7806,40,Agoda,17
2979,7811,140,HRS,10
2980,7813,115,Agoda,3
2981,7818,75,Booking.com,14
2982,7823,22,Booking.com,11
2983,7826,172,Expedia,9
2984,7827,146,HRS,14
2985,7830,76,Expedia,5
2986,7832,180,HRS,19
2987,7836,178,Expedia,2
2988,7839,171,Agoda,7
2989,7840,75,Agoda,15
2990,7841,160,HRS,11
2991,7845,62,Agoda,4
2992,7846,186,HRS,15
2993,7848,27,Agoda,14
2994,7850,172,Agoda,12
2995,7851,4,HRS,15
2996,7855,146,HRS,9
2997,7857,126,Agoda,10
2998,7860,116,HRS,13
2999,7861,165,Expedia,1
3000,7865,201,Booking.com,7
3001,7867,135,Booking.com,12
3002,7872,136,Agoda,6
3003,7878,86,Agoda,13
3004,7879,181,Booking.com,16
3005,7880,205,Hotels.com,10
3006,7882,17,Agoda,18
3007,7883,108,Hotels.com,14
3008,7887,76,Agoda,8
3009,7889,22,Booking.com,14
3010,7890,54,Agoda,2
3011,7891,117,Agoda,16
3012,7893,117,Agoda,11
3013,7895,51,Booking.com,19
3014,7897,71,Expedia,6
3015,7898,140,HRS,13
3016,7899,73,Expedia,8
3017,7903,63,HRS,5
3018,7904,150,Booking.com,15
3019,7905,215,Agoda,18
3020,7908,24,Booking.com,13
3021,7912,209,Hotels.com,14
3022,7914,133,HRS,7
3023,7915,10,Agoda,13
3024,7917,169,Booking.com,8
3025,7918,106,Agoda,1
3026,7920,189,HRS,11
3027,7922,177,Expedia,6
3028,7925,209,Booking.com,2
3029,7929,34,HRS,13
3030,7931,155,Booking.com,16
3031,7935,35,Agoda,18
3032,7936,12,Hotels.com,14
3033,7941,55,Hotels.com,14
3034,7942,217,Booking.com,18
3035,7944,37,Hotels.com,4
3036,7946,153,Hotels.com,4
3037,7947,21,Hotels.com,13
3038,7952,87,Agoda,12
3039,7954,159,Agoda,17
3040,7956,4,Hotels.com,14
3041,7958,124,HRS,12
3042,7959,121,Agoda,4
3043,7960,175,HRS,3
3044,7961,166,Booking.com,2
3045,7964,15,Agoda,3
3046,7965,149,Expedia,14
3047,7966,181,HRS,2
3048,7970,59,Expedia,5
3049,7972,8,HRS,1
3050,7973,74,Hotels.com,18
3051,7975,149,Hotels.com,17
3052,7982,214,Hotels.com,4
3053,7985,38,Expedia,14
3054,7989,189,Expedia,18
3055,7991,215,Agoda,11
3056,7995,206,HRS,17
3057,7997,186,Booking.com,1
3058,8000,180,Expedia,18
3059,8005,36,Hotels.com,10
3060,8007,154,Booking.com,14
3061,8013,48,Booking.com,17
3062,8014,170,Booking.com,14
3063,8017,13,Expedia,5
3064,8019,76,HRS,15
3065,8023,158,Agoda,18
3066,8026,185,Hotels.com,1
3067,8027,70,Expedia,10
3068,8031,23,Booking.com,16
3069,8036,169,Expedia,10
3070,8037,213,Booking.com,14
3071,8039,201,HRS,17
3072,8040,89,Expedia,16
3073,8044,81,Hotels.com,11
3074,8046,94,Booking.com,8
3075,8048,103,HRS,9
3076,8052,170,Hotels.com,10
3077,8054,204,Agoda,13
3078,8057,104,Hotels.com,2
3079,8060,189,Expedia,15
3080,8062,62,HRS,4
3081,8063,202,Expedia,9
3082,8067,137,Expedia,1
3083,8069,54,Agoda,9
3084,8070,91,Booking.com,9
3085,8072,35,Hotels.com,18
3086,8074,183,HRS,16
3087,8076,74,Booking.com,19
3088,8077,138,Booking.com,19
3089,8079,186,Booking.com,13
3090,8080,211,Hotels.com,8
3091,8082,220,Agoda,2
3092,8084,140,Expedia,5
3093,8087,135,Hotels.com,16
3094,8090,197,Agoda,14
3095,8092,121,Agoda,1
3096,8094,117,Agoda,4
3097,8095,18,HRS,11
3098,8100,195,Booking.com,6
3099,8103,203,HRS,10
3100,8105,189,Expedia,16
3101,8113,57,Hotels.com,7
3102,8114,143,HRS,6
3103,8120,126,Booking.com,12
3104,8128,82,HRS,1
3105,8134,215,Expedia,3
3106,8138,53,HRS,15
3107,8139,83,Expedia,8
3108,8145,155,Hotels.com,15
3109,8147,74,Booking.com,6
3110,8148,34,Agoda,6
3111,8152,214,Expedia,3
3112,8153,94,Expedia,18
3113,8162,122,Expedia,5
3114,8163,171,Expedia,9
3115,8170,20,HRS,12
3116,8176,108,HRS,3
3117,8178,1,HRS,13
3118,8179,196,HRS,19
3119,8180,29,Expedia,1
3120,8181,205,Booking.com,12
3121,8182,83,Agoda,6
3122,8183,218,Agoda,16
3123,8186,142,HRS,1
3124,8189,54,HRS,11
3125,8191,149,HRS,2
3126,8193,111,Booking.com,1
3127,8194,130,Booking.com,8
3128,8195,78,Booking.com,12
3129,8196,108,Booking.com,8
3130,8201,189,Agoda,3
3131,8202,114,HRS,11
3132,8203,131,Expedia,9
3133,8213,18,Expedia,1
3134,8214,92,Hotels.com,12
3135,8219,118,Booking.com,2
3136,8220,168,Hotels.com,3
3137,8221,49,Booking.com,9
3138,8227,105,Expedia,4
3139,8228,8,Booking.com,17
3140,8230,160,Expedia,9
3141,8232,23,Agoda,4
3142,8233,219,Booking.com,19
3143,8239,119,Agoda,3
3144,8242,11,Agoda,10
3145,8243,44,Agoda,11
3146,8249,97,Hotels.com,15
3147,8252,125,Expedia,15
3148,8255,160,Booking.com,4
3149,8258,194,Agoda,12
3150,8261,31,Hotels.com,15
3151,8262,59,HRS,3
3152,8263,92,Hotels.com,19
3153,8265,214,HRS,2
3154,8266,199,HRS,14
3155,8267,6,Booking.com,2
3156,8269,128,Agoda,18
3157,8271,64,HRS,17
3158,8273,218,Booking.com,3
3159,8276,48,Booking.com,2
3160,8277,178,Expedia,3
3161,8279,118,Hotels.com,3
3162,8283,82,Booking.com,18
3163,8288,124,Agoda,13
3164,8291,151,Agoda,14
3165,8293,60,Expedia,11
3166,8294,75,Agoda,10
3167,8295,32,Hotels.com,14
3168,8297,52,Expedia,8
3169,8298,218,HRS,2
3170,8300,160,Hotels.com,11
3171,8302,69,Agoda,4
3172,8303,114,Expedia,13
3173,8304,5,HRS,19
3174,8306,20,HRS,8
3175,8310,151,Booking.com,14
3176,8313,85,Expedia,14
3177,8315,4,Hotels.com,13
3178,8320,202,Expedia,5
3179,8331,35,HRS,2
3180,8332,68,Hotels.com,19
3181,8334,85,Hotels.com,7
3182,8339,110,Booking.com,19
3183,8340,1,HRS,13
3184,8341,12,Booking.com,7
3185,8342,24,Agoda,12
3186,8343,103,Hotels.com,17
3187,8344,179,Hotels.com,18
3188,8345,13,Booking.com,16
3189,8346,187,HRS,13
3190,8348,2,HRS,16
3191,8350,16,HRS,6
3192,8352,204,Agoda,6
3193,8354,161,Booking.com,2
3194,8356,69,Expedia,8
3195,8359,66,Booking.com,9
3196,8362,107,Expedia,1
3197,8364,172,HRS,12
3198,8365,204,HRS,9
3199,8367,14,Booking.com,7
3200,8371,183,Booking.com,12
3201,8374,85,Hotels.com,4
3202,8376,37,Hotels.com,7
3203,8378,14,Agoda,16
3204,8379,12,HRS,4
3205,8380,121,HRS,12
3206,8382,114,Agoda,14
3207,8384,160,HRS,13
3208,8385,191,HRS,10
3209,8386,82,Agoda,11
3210,8389,169,Hotels.com,13
3211,8391,59,Hotels.com,10
3212,8392,44,Expedia,18
3213,8393,145,Agoda,15
3214,8395,199,Expedia,15
3215,8396,69,Expedia,7
3216,8399,13,HRS,10
3217,8401,4,HRS,6
3218,8404,145,Booking.com,6
3219,8407,42,Hotels.com,17
3220,8408,142,Hotels.com,8
3221,8409,104,Booking.com,17
3222,8411,89,HRS,8
3223,8413,175,Expedia,7
3224,8415,34,Hotels.com,4
3225,8418,92,HRS,11
3226,8419,45,HRS,1
3227,8420,70,Booking.com,5
3228,8423,216,HRS,11
3229,8424,63,Expedia,12
3230,8425,195,HRS,8
3231,8426,186,Booking.com,12
3232,8427,106,Hotels.com,17
3233,8429,86,Expedia,3
3234,8430,218,Hotels.com,2
3235,8431,169,Booking.com,6
3236,8432,23,Agoda,6
3237,8441,132,HRS,4
3238,8449,13,Expedia,2
3239,8450,37,HRS,4
3240,8451,109,Agoda,17
3241,8452,142,Agoda,13
3242,8454,108,Hotels.com,10
3243,8455,212,HRS,11
3244,8456,51,Expedia,2
3245,8457,158,Booking.com,12
3246,8461,70,Agoda,17
3247,8462,108,HRS,17
3248,8465,60,HRS,12
3249,8467,197,Hotels.com,2
3250,8469,130,Expedia,2
3251,8473,50,Hotels.com,12
3252,8477,92,Hotels.com,2
3253,8478,76,Booking.com,9
3254,8479,64,HRS,14
3255,8480,153,Agoda,14
3256,8481,34,HRS,9
3257,8489,25,Hotels.com,2
3258,8491,59,Agoda,13
3259,8492,45,HRS,12
3260,8496,131,Hotels.com,12
3261,8499,188,Booking.com,18
3262,8502,72,Expedia,16
3263,8503,84,Expedia,6
3264,8504,157,HRS,17
3265,8506,10,Agoda,15
3266,8507,152,Hotels.com,14
3267,8511,27,Agoda,7
3268,8512,160,Hotels.com,6
3269,8513,189,Agoda,11
3270,8514,25,HRS,3
3271,8517,213,Booking.com,18
3272,8518,94,HRS,3
3273,8521,49,Booking.com,11
3274,8522,75,HRS,16
3275,8523,30,Agoda,4
3276,8525,89,Booking.com,10
3277,8528,161,HRS,17
3278,8529,53,Booking.com,10
3279,8530,130,Booking.com,14
3280,8533,120,Booking.com,6
3281,8537,185,HRS,10
3282,8541,183,Hotels.com,1
3283,8546,186,Booking.com,5
3284,8547,39,Hotels.com,5
3285,8556,117,Hotels.com,12
3286,8557,155,Hotels.com,13
3287,8561,171,Expedia,9
3288,8562,161,Booking.com,16
3289,8563,138,Expedia,7
3290,8564,80,Agoda,13
3291,8567,62,Expedia,8
3292,8568,87,Booking.com,11
3293,8571,205,HRS,3
3294,8575,157,Booking.com,16
3295,8576,149,Hotels.com,19
3296,8577,213,HRS,11
3297,8591,45,HRS,19
3298,8592,162,HRS,12
3299,8593,62,Expedia,19
3300,8595,195,Agoda,15
3301,8596,179,Agoda,12
3302,8598,153,Booking.com,17
3303,8605,217,Hotels.com,2
3304,8608,210,Hotels.com,1
3305,8609,19,HRS,16
3306,8612,56,Expedia,6
3307,8614,184,Agoda,1
3308,8616,69,Expedia,19
3309,8621,32,Agoda,4
3310,8622,111,Expedia,2
3311,8623,96,Hotels.com,13
3312,8625,133,Hotels.com,17
3313,8630,128,Booking.com,16
3314,8632,172,Agoda,12
3315,8638,3,Hotels.com,2
3316,8639,100,Hotels.com,3
3317,8640,135,Booking.com,14
3318,8644,39,Booking.com,9
3319,8648,15,Hotels.com,3
3320,8649,45,Agoda,18
3321,8652,7,Agoda,19
3322,8653,12,Booking.com,11
3323,8655,151,Hotels.com,19
3324,8660,19,Booking.com,1
3325,8670,212,Booking.com,11
3326,8672,15,Booking.com,18
3327,8674,84,Expedia,6
3328,8675,158,Agoda,7
3329,8686,78,Expedia,1
3330,8691,66,Hotels.com,4
3331,8696,110,Hotels.com,16
3332,8697,128,HRS,10
3333,8699,131,Booking.com,7
3334,8700,6,Expedia,17
3335,8701,113,Booking.com,2
3336,8702,73,HRS,15
3337,8703,147,HRS,14
3338,8705,129,Hotels.com,15
3339,8706,26,Expedia,10
3340,8708,155,Agoda,9
3341,8710,154,Expedia,8
3342,8713,48,HRS,6
3343,8715,24,Hotels.com,18
3344,8717,158,HRS,16
3345,8724,149,Hotels.com,14
3346,8729,86,Agoda,16
3347,8730,95,Expedia,13
3348,8731,143,Expedia,9
3349,8732,39,Agoda,14
3350,8737,135,Hotels.com,1
3351,8746,99,Expedia,9
3352,8747,117,Expedia,17
3353,8755,207,Agoda,18
3354,8758,132,HRS,6
3355,8761,158,Expedia,2
3356,8763,82,Booking.com,16
3357,8764,36,Agoda,7
3358,8765,22,Hotels.com,7
3359,8767,55,Agoda,16
3360,8768,69,Hotels.com,19
3361,8771,93,HRS,8
3362,8772,112,Hotels.com,4
3363,8778,6,HRS,10
3364,8784,199,Agoda,9
3365,8786,161,HRS,11
3366,8787,142,Hotels.com,14
3367,8788,185,HRS,7
3368,8792,20,Hotels.com,19
3369,8794,125,Expedia,10
3370,8796,128,Expedia,4
3371,8797,18,Hotels.com,8
3372,8799,171,HRS,1
3373,8801,142,HRS,18
3374,8802,177,Hotels.com,11
3375,8805,96,Expedia,18
3376,8806,137,Hotels.com,10
3377,8808,176,Expedia,8
3378,8809,109,HRS,13
3379,8810,212,Expedia,4
3380,8811,33,Expedia,4
3381,8813,216,HRS,13
3382,8815,97,HRS,4
3383,8817,14,Hotels.com,5
3384,8819,181,Agoda,16
3385,8824,166,Expedia,3
3386,8827,212,HRS,6
3387,8830,218,Hotels.com,13
3388,8832,218,Hotels.com,16
3389,8835,21,Booking.com,5
3390,8836,115,Agoda,9
3391,8840,60,Agoda,8
3392,8842,34,HRS,8
3393,8848,220,Agoda,2
3394,8849,92,Agoda,7
3395,8850,15,Hotels.com,14
3396,8851,189,Hotels.com,8
3397,8852,161,Expedia,13
3398,8854,125,Expedia,13
3399,8855,114,HRS,12
3400,8858,106,Expedia,9
3401,8859,121,HRS,17
3402,8863,82,HRS,15
3403,8864,38,Agoda,13
3404,8867,213,Agoda,9
3405,8871,81,Agoda,3
3406,8872,59,Expedia,14
3407,8875,69,Hotels.com,18
3408,8877,30,Expedia,4
3409,8882,3,Booking.com,19
3410,8883,203,Expedia,13
3411,8889,204,Agoda,10
3412,8891,85,HRS,5
3413,8892,47,Agoda,6
3414,8893,53,Booking.com,1
3415,8895,185,Agoda,5
3416,8896,111,Agoda,18
3417,8901,26,Hotels.com,8
3418,8908,101,HRS,16
3419,8909,33,Booking.com,9
3420,8912,21,Agoda,11
3421,8916,82,Booking.com,17
3422,8917,53,Agoda,17
3423,8919,85,Booking.com,13
3424,8921,93,HRS,1
3425,8924,1,Booking.com,1
3426,8929,211,Expedia,19
3427,8932,203,HRS,14
3428,8938,141,Agoda,17
3429,8940,115,HRS,16
3430,8942,219,Hotels.com,5
3431,8943,101,Booking.com,4
3432,8948,2,Expedia,11
3433,8949,157,Agoda,10
3434,8950,4,Agoda,2
3435,8960,7,Booking.com,6
3436,8961,163,Agoda,3
3437,8962,220,Hotels.com,11
3438,8964,194,HRS,4
3439,8965,64,Expedia,3
3440,8967,209,Hotels.com,4
3441,8969,206,Booking.com,3
3442,8975,209,HRS,5
3443,8978,166,Agoda,1
3444,8985,39,HRS,2
3445,8986,89,Agoda,12
3446,8988,189,Agoda,5
3447,8989,205,Booking.com,12
3448,8991,15,Expedia,2
3449,8996,87,HRS,16
3450,9000,101,HRS,16
